Area_sqft,Bedrooms,Bathrooms,House_Age,Floors,Garage_Cars,Distance_km,School_Rating,Crime_Rate,Pool,Renovated,City_Type,Price,Price_Category
2348,2,4,33,1,2,10.1,5,0.41,0,0,Suburban,641843,Premium
1903,4,3,9,1,1,6.1,5,0.29,0,0,Urban,699711,Premium
2453,6,2,34,2,1,19.9,4,2.67,0,1,Suburban,650339,Premium
3066,4,3,10,1,2,24.9,6,2.28,0,0,Suburban,789891,Premium
1836,5,2,10,2,2,50.0,2,0.93,0,1,Urban,512997,Mid-Range
1836,5,2,20,1,2,1.7,3,6.89,0,1,Suburban,566754,Mid-Range
3105,3,4,20,3,1,19.9,1,7.87,0,0,Rural,749009,Premium
2537,3,2,21,3,3,3.1,2,1.55,1,1,Urban,819517,Premium
1671,4,3,44,1,1,8.9,2,6.63,0,0,Rural,349260,Budget
2380,3,4,6,2,2,7.0,8,1.45,0,0,Urban,844697,Premium
1676,5,3,54,2,0,0.5,8,4.0,0,0,Rural,480081,Mid-Range
1674,5,1,16,3,2,27.0,2,1.94,1,0,Urban,555521,Mid-Range
2169,3,2,1,2,1,0.8,6,0.39,1,0,Urban,849282,Premium
661,3,1,11,1,1,11.7,5,7.89,1,0,Suburban,215560,Budget
793,5,3,41,2,1,15.4,3,1.82,1,0,Suburban,282383,Budget
1606,3,2,17,2,1,15.9,5,3.98,0,0,Rural,448869,Mid-Range
1291,5,2,53,2,2,1.5,5,1.37,0,1,Urban,522392,Mid-Range
2220,3,5,10,1,2,5.9,5,0.1,0,1,Urban,761038,Premium
1364,4,3,15,3,3,17.7,3,0.32,0,0,Suburban,515326,Mid-Range
1011,2,2,48,3,1,3.6,3,2.06,0,0,Suburban,232108,Budget
3026,4,3,50,1,2,6.3,4,3.51,0,0,Urban,774831,Premium
1842,3,3,17,1,2,3.2,7,1.22,1,1,Suburban,690424,Premium
2047,4,1,34,1,1,6.2,2,3.57,1,1,Suburban,613012,Premium
1003,3,2,52,2,0,21.9,10,3.6,0,0,Rural,146729,Budget
1619,4,4,25,2,2,6.1,4,3.65,1,0,Rural,513628,Mid-Range
2078,5,3,15,2,3,8.1,4,2.03,0,0,Urban,781261,Premium
1194,3,3,5,2,2,5.2,1,7.39,0,0,Suburban,431794,Mid-Range
2263,2,2,43,2,1,6.2,10,2.02,0,1,Suburban,666640,Premium
1580,2,1,42,1,1,0.5,8,1.79,0,1,Suburban,440852,Mid-Range
1796,4,2,46,2,1,3.3,1,0.67,0,0,Suburban,506048,Mid-Range
1579,4,2,46,2,2,5.7,8,1.1,1,0,Rural,493417,Mid-Range
3297,4,2,47,3,2,10.0,7,0.13,0,0,Suburban,880488,Premium
1991,3,1,41,3,0,6.0,9,3.01,0,0,Rural,551162,Mid-Range
1260,3,4,11,3,2,4.1,8,0.86,0,1,Rural,576984,Mid-Range
2576,4,5,12,2,1,4.9,5,1.09,0,0,Rural,850837,Premium
1145,3,4,3,2,3,2.8,8,4.42,1,0,Rural,551271,Mid-Range
2146,6,4,38,2,1,25.8,10,1.19,0,0,Suburban,664491,Premium
628,2,2,53,3,1,7.4,3,0.83,1,1,Urban,220667,Budget
1070,4,5,1,1,1,0.5,10,0.56,1,1,Urban,727441,Premium
2138,3,2,25,1,1,0.5,7,4.47,0,0,Urban,644264,Premium
2517,3,5,26,1,0,36.1,4,0.42,0,0,Suburban,611904,Premium
2120,4,5,26,2,2,2.5,5,1.81,1,0,Suburban,818340,Premium
1919,4,3,14,1,2,16.4,9,2.12,1,1,Suburban,691806,Premium
1789,6,5,7,1,2,0.6,7,3.49,0,0,Rural,719518,Premium
965,2,3,6,1,0,25.4,4,3.01,1,0,Rural,222804,Budget
1496,2,2,46,1,1,20.7,6,4.99,1,0,Urban,360386,Mid-Range
1678,4,2,54,3,0,8.5,10,0.14,0,1,Urban,556706,Mid-Range
2740,4,3,45,1,2,0.5,7,1.05,0,0,Suburban,759952,Premium
2241,3,1,39,2,0,3.0,10,0.99,1,0,Urban,760495,Premium
766,2,3,11,2,3,5.2,9,0.47,0,1,Suburban,458672,Mid-Range
2227,2,5,12,3,2,6.2,4,1.02,0,1,Suburban,787525,Premium
1730,5,2,42,1,1,3.5,10,1.11,0,1,Suburban,603833,Premium
1526,3,4,16,3,1,0.5,3,2.21,0,1,Rural,522102,Mid-Range
2428,3,4,16,2,0,8.9,8,3.27,0,0,Rural,651371,Premium
2722,3,5,35,3,1,7.4,1,1.44,1,0,Urban,841690,Premium
2652,3,5,20,3,2,3.3,9,3.81,0,1,Suburban,964214,Luxury
1413,2,3,7,1,3,0.5,1,1.23,0,0,Suburban,517606,Mid-Range
1784,4,5,4,1,0,50.0,2,1.03,0,1,Urban,519903,Mid-Range
2232,2,4,25,1,2,6.6,8,2.34,0,1,Urban,723124,Premium
2683,5,2,15,2,2,14.1,9,0.1,0,0,Suburban,883951,Premium
1665,3,3,35,1,2,6.0,7,0.25,0,0,Urban,604933,Premium
1870,4,3,27,1,0,0.5,3,1.62,0,1,Urban,629157,Premium
1226,5,2,53,2,1,3.7,7,8.59,0,1,Suburban,400836,Mid-Range
1163,4,3,28,1,1,3.9,6,3.84,0,1,Suburban,402654,Mid-Range
2569,4,3,46,1,2,18.2,2,0.28,0,0,Urban,668792,Premium
2949,3,2,11,2,1,10.6,3,5.62,1,0,Urban,836759,Premium
1950,3,3,36,1,1,3.2,10,3.95,0,0,Rural,514312,Mid-Range
2702,4,4,29,1,3,34.3,10,2.83,0,0,Urban,773602,Premium
2253,6,3,22,2,2,3.9,5,5.15,1,0,Rural,698098,Premium
1548,4,1,15,2,2,50.0,10,1.55,0,1,Suburban,413552,Mid-Range
2253,4,1,13,3,1,50.0,4,0.75,0,1,Urban,524928,Mid-Range
3077,4,2,9,2,0,2.1,2,2.15,0,1,Urban,911291,Premium
1975,3,4,6,2,3,3.8,4,2.39,0,0,Urban,763811,Premium
3095,2,2,44,2,1,6.7,8,2.32,1,0,Urban,835267,Premium
600,4,3,51,2,1,10.9,5,2.5,1,1,Urban,361172,Mid-Range
2575,6,2,36,3,1,7.5,5,8.91,0,0,Suburban,677112,Premium
2061,3,2,28,3,0,34.9,10,6.98,0,0,Urban,555420,Mid-Range
1791,4,4,2,2,1,12.9,3,6.26,0,0,Suburban,567669,Mid-Range
2064,3,3,14,1,2,2.4,8,4.85,1,1,Suburban,773851,Premium
609,4,1,35,1,3,1.1,6,8.62,1,1,Urban,391728,Mid-Range
1846,2,2,46,1,3,11.7,2,0.31,0,0,Urban,466335,Mid-Range
2250,3,1,45,3,0,1.7,2,0.92,0,1,Urban,598672,Mid-Range
3035,4,3,51,2,1,15.5,9,2.05,0,0,Urban,768575,Premium
1637,3,3,18,2,0,3.7,7,5.62,0,0,Suburban,483645,Mid-Range
1434,4,2,12,1,2,4.0,10,2.11,0,1,Urban,724494,Premium
1649,5,2,41,2,1,0.5,9,4.14,0,1,Suburban,579876,Mid-Range
2641,5,2,20,1,2,12.1,6,0.45,0,1,Suburban,778323,Premium
2230,3,4,36,1,2,1.2,5,0.87,1,1,Suburban,694213,Premium
1629,3,5,26,1,1,14.8,1,3.95,1,1,Suburban,510704,Mid-Range
2359,3,1,54,2,1,6.8,6,0.54,0,1,Suburban,570567,Mid-Range
2068,6,4,51,2,3,15.3,6,1.3,0,1,Urban,651092,Premium
2678,5,2,28,3,3,8.8,3,0.92,1,1,Urban,932801,Premium
1509,4,2,19,1,1,0.9,3,1.29,0,1,Suburban,551090,Mid-Range
1771,5,4,24,2,1,14.5,3,3.7,0,1,Urban,691316,Premium
1726,4,4,5,2,3,0.7,3,1.38,0,0,Suburban,734090,Premium
976,4,5,35,1,0,6.5,7,2.43,0,1,Suburban,334587,Budget
2207,2,3,1,2,1,1.9,10,0.32,0,0,Suburban,834943,Premium
2183,4,2,21,2,0,14.0,2,4.9,0,0,Suburban,592812,Mid-Range
2004,2,4,31,2,1,24.3,10,1.39,0,1,Suburban,551208,Mid-Range
1836,5,2,15,3,0,8.1,10,3.14,0,0,Suburban,664052,Premium
1009,5,3,17,2,1,7.5,2,3.88,0,0,Suburban,428296,Mid-Range
1706,4,2,4,1,1,14.4,3,0.71,0,1,Suburban,542665,Mid-Range
1760,2,3,53,2,1,0.5,10,6.48,1,0,Suburban,503580,Mid-Range
1438,3,2,35,1,3,25.0,7,2.87,0,0,Rural,343934,Budget
1887,3,2,29,1,2,2.2,3,1.68,0,1,Suburban,581438,Mid-Range
2283,3,4,44,1,2,41.4,7,0.6,0,0,Suburban,451862,Mid-Range
3320,2,2,18,2,2,13.3,9,8.56,0,0,Suburban,874614,Premium
2122,6,3,22,2,0,14.9,10,4.22,0,0,Suburban,715013,Premium
2180,4,2,33,1,1,10.7,4,0.7,1,0,Urban,670941,Premium
1948,3,1,12,2,3,6.4,7,1.24,0,1,Rural,619533,Premium
657,3,1,42,3,1,8.5,9,4.98,0,1,Urban,311086,Budget
1981,3,2,53,1,0,0.5,8,3.57,1,0,Suburban,508711,Mid-Range
2042,4,4,28,1,2,9.8,8,4.35,0,1,Suburban,615674,Premium
3724,4,2,35,2,1,9.8,9,1.75,0,0,Rural,932036,Premium
1865,5,5,21,1,1,22.2,5,3.78,0,0,Urban,622830,Premium
2211,3,3,51,2,3,7.0,5,1.47,0,1,Suburban,617571,Premium
1976,6,2,51,1,2,0.8,3,0.71,1,1,Suburban,677521,Premium
1182,5,3,46,2,1,3.7,5,3.0,0,1,Urban,469145,Mid-Range
2800,3,3,35,2,3,10.7,8,11.19,0,0,Urban,756824,Premium
2526,6,4,8,2,2,2.7,5,1.12,1,0,Suburban,979299,Luxury
2554,2,2,38,2,2,3.3,4,1.85,0,0,Suburban,624804,Premium
1363,5,2,50,3,0,17.2,8,3.36,0,0,Urban,436158,Mid-Range
2982,3,4,18,2,0,8.8,7,2.34,0,1,Suburban,873514,Premium
1019,5,5,37,2,2,7.1,6,5.56,0,0,Suburban,432850,Mid-Range
2411,5,4,5,1,2,3.8,5,4.3,1,1,Suburban,918328,Premium
3533,5,2,51,2,2,13.1,5,0.18,1,0,Rural,858726,Premium
1307,5,4,46,1,0,3.4,10,19.35,0,0,Suburban,393742,Mid-Range
1604,3,3,14,2,0,13.4,2,4.19,0,0,Rural,357110,Mid-Range
2070,2,3,19,1,2,0.7,4,5.98,0,0,Rural,512442,Mid-Range
1648,3,2,8,2,0,20.0,8,3.16,0,1,Urban,512846,Mid-Range
915,3,3,31,1,1,6.9,8,5.82,0,0,Urban,342372,Budget
2048,4,2,3,2,0,5.8,1,0.36,0,0,Suburban,707403,Premium
1256,3,2,49,3,0,9.4,2,1.28,1,1,Suburban,355194,Mid-Range
2332,6,4,17,1,2,9.8,5,6.27,1,1,Suburban,798952,Premium
1356,4,2,4,3,2,1.4,9,0.68,0,0,Suburban,673083,Premium
3085,5,1,19,1,1,14.1,10,0.24,0,0,Suburban,911622,Premium
1452,2,1,22,2,1,3.2,7,4.66,0,1,Suburban,430024,Mid-Range
1775,5,5,10,3,2,23.5,10,5.41,1,1,Urban,869775,Premium
2569,5,3,36,1,1,17.0,5,0.53,1,1,Rural,714697,Premium
1138,3,2,21,3,1,4.3,1,5.78,1,0,Urban,459308,Mid-Range
2159,4,4,3,1,3,16.5,6,3.48,0,1,Rural,726624,Premium
2915,4,4,28,1,0,4.4,8,2.2,0,0,Urban,916704,Premium
875,3,2,43,3,3,1.1,7,5.32,0,0,Rural,281741,Budget
2129,4,3,33,1,1,32.7,2,1.63,0,1,Urban,591535,Mid-Range
2182,3,4,12,3,2,10.6,5,0.65,0,0,Urban,771073,Premium
2547,2,3,41,3,1,6.1,4,1.01,0,0,Urban,732136,Premium
1134,3,2,8,1,3,5.1,9,2.11,0,0,Suburban,494131,Mid-Range
1076,2,4,41,2,1,3.9,10,2.27,0,0,Rural,342036,Budget
2365,2,3,30,1,1,39.9,1,4.91,0,1,Suburban,471685,Mid-Range
2208,2,2,6,2,3,1.4,6,4.7,0,1,Rural,693339,Premium
2175,6,2,3,1,1,3.8,3,2.61,0,0,Suburban,746864,Premium
2243,4,1,18,1,1,6.6,9,4.55,0,0,Suburban,678762,Premium
1524,6,2,41,1,1,6.5,5,0.64,0,1,Rural,559854,Mid-Range
2163,3,4,29,2,2,6.4,6,0.15,0,1,Urban,826378,Premium
2205,3,1,30,3,0,1.9,9,6.21,0,0,Urban,714541,Premium
1500,4,2,34,2,0,1.6,9,0.24,1,1,Rural,641120,Premium
3306,3,3,20,2,2,2.9,8,0.85,0,1,Rural,938340,Premium
2332,2,1,30,2,1,24.6,9,3.57,0,0,Rural,506711,Mid-Range
1166,4,5,18,2,3,1.2,4,1.58,0,0,Rural,522755,Mid-Range
2460,3,2,30,1,3,14.2,6,6.27,1,0,Urban,647324,Premium
1318,4,2,52,2,2,14.2,5,1.06,0,1,Rural,346515,Budget
2551,4,2,31,3,2,16.6,5,0.1,0,0,Suburban,687310,Premium
2811,3,2,1,1,2,21.8,4,1.07,0,0,Rural,762570,Premium
1426,2,1,51,2,0,3.1,2,2.59,1,0,Suburban,300882,Budget
2674,5,3,9,2,2,2.5,6,1.41,1,1,Suburban,959685,Luxury
2289,3,5,1,3,1,6.3,9,2.3,0,0,Suburban,899664,Premium
2575,2,2,1,2,1,3.1,1,6.28,1,1,Urban,815795,Premium
3328,6,3,23,1,2,13.3,7,7.31,1,1,Urban,1079066,Luxury
1828,2,3,16,1,1,10.1,6,0.93,0,0,Rural,521926,Mid-Range
1472,4,4,31,1,2,20.8,3,1.86,0,0,Rural,390567,Mid-Range
1377,6,2,15,2,1,0.9,1,2.39,0,0,Urban,585146,Mid-Range
1429,3,2,15,1,2,24.7,4,8.93,1,1,Suburban,412086,Mid-Range
1946,2,2,45,3,0,3.5,9,19.75,0,0,Suburban,404062,Mid-Range
2239,2,3,38,1,2,6.7,2,0.81,1,0,Suburban,561051,Mid-Range
2194,3,4,52,1,2,5.8,3,3.89,0,0,Urban,582353,Mid-Range
2579,2,2,30,2,2,14.3,2,1.42,0,0,Rural,605628,Premium
2009,4,2,42,2,1,5.5,2,0.1,1,1,Suburban,614117,Premium
3017,2,4,23,1,0,28.7,10,0.1,0,1,Suburban,801975,Premium
1815,4,4,0,2,0,23.3,8,1.85,0,1,Suburban,661912,Premium
3904,6,5,10,2,2,20.6,3,2.01,0,0,Urban,1113851,Luxury
2438,5,4,54,1,3,0.7,7,0.1,0,0,Suburban,711314,Premium
1400,4,2,20,1,1,19.3,8,3.48,0,1,Urban,502644,Mid-Range
1250,3,3,3,2,2,15.2,3,1.04,0,0,Urban,484140,Mid-Range
2338,4,3,6,2,2,1.1,2,2.46,0,1,Suburban,786871,Premium
1844,4,1,25,1,1,1.1,8,1.07,1,0,Rural,577071,Mid-Range
2500,3,3,46,2,2,1.1,3,0.55,1,0,Suburban,685871,Premium
2331,2,3,49,3,2,0.5,7,1.57,0,1,Urban,770014,Premium
1949,5,2,11,2,1,8.0,1,0.79,1,1,Suburban,691370,Premium
1407,3,4,30,2,1,36.3,6,2.3,0,1,Rural,351231,Mid-Range
940,3,3,16,3,0,5.8,9,0.67,0,0,Suburban,465103,Mid-Range
1687,3,5,32,3,3,7.8,3,2.13,0,0,Rural,570888,Mid-Range
2599,3,1,10,2,3,34.4,7,0.51,1,1,Suburban,755865,Premium
2150,5,2,27,2,2,2.9,6,3.33,1,1,Suburban,739650,Premium
1128,4,3,31,2,0,19.6,8,4.21,0,1,Urban,491297,Mid-Range
2121,4,2,0,2,1,7.9,3,0.35,0,0,Urban,740052,Premium
2270,2,3,46,1,0,8.4,3,1.89,0,1,Suburban,529956,Mid-Range
1381,3,4,27,2,0,4.2,4,0.22,0,1,Suburban,518136,Mid-Range
2108,3,2,52,2,2,8.2,3,2.74,0,1,Rural,488948,Mid-Range
2041,2,3,41,2,3,0.8,9,0.92,0,0,Rural,618103,Premium
1200,3,3,6,2,3,14.5,4,2.25,1,0,Urban,529197,Mid-Range
2250,4,2,1,2,2,3.4,6,2.19,0,1,Urban,884915,Premium
2393,2,5,41,1,0,21.9,8,7.75,1,1,Urban,661791,Premium
2758,4,4,23,2,1,4.6,8,2.39,0,1,Urban,942647,Premium
2738,3,3,3,2,1,1.5,5,2.62,0,1,Suburban,883020,Premium
1036,2,3,43,1,2,11.9,5,1.54,1,1,Rural,268794,Budget
1344,3,3,18,1,2,1.8,6,8.93,1,0,Rural,472467,Mid-Range
2361,6,4,25,3,1,14.0,10,4.5,0,0,Suburban,784415,Premium
2360,5,3,10,1,1,34.5,7,1.01,0,0,Rural,626926,Premium
2361,6,3,39,1,0,15.1,10,5.58,1,0,Suburban,702128,Premium
4697,3,4,49,3,1,0.5,7,1.7,0,0,Urban,1214403,Luxury
2400,2,2,42,2,1,9.2,4,5.29,0,0,Suburban,504067,Mid-Range
2795,4,4,10,2,0,11.9,6,5.19,0,0,Suburban,838230,Premium
2668,3,2,44,3,1,17.5,7,0.63,1,0,Suburban,673511,Premium
2456,5,2,2,1,2,0.6,5,3.62,1,0,Urban,898317,Premium
1779,2,2,11,2,2,6.5,5,1.03,1,0,Urban,634112,Premium
2531,3,5,2,2,0,7.7,2,1.06,0,0,Urban,824240,Premium
1459,3,4,41,2,1,1.9,7,1.05,0,1,Rural,537120,Mid-Range
1834,3,3,26,2,1,3.9,6,3.88,0,0,Suburban,538314,Mid-Range
1660,4,3,48,2,1,5.8,1,0.78,1,0,Suburban,520946,Mid-Range
2057,3,3,53,2,1,17.9,4,0.1,0,1,Suburban,478936,Mid-Range
3620,3,5,1,2,1,26.5,3,3.77,0,1,Urban,1009425,Luxury
693,3,3,48,2,2,9.9,3,0.56,0,0,Suburban,229513,Budget
2480,3,2,15,2,2,5.0,7,0.33,0,1,Rural,764336,Premium
871,5,2,1,2,1,2.9,10,0.81,1,1,Suburban,608869,Premium
1670,5,4,53,2,2,40.2,4,1.43,0,1,Rural,341138,Budget
2762,6,3,29,2,1,40.8,8,1.94,1,0,Urban,786961,Premium
2045,5,2,19,2,0,25.9,9,0.14,0,1,Urban,683476,Premium
1246,3,1,37,2,2,15.4,3,10.58,1,0,Rural,259543,Budget
1499,4,4,27,2,2,3.9,5,3.78,1,1,Rural,527785,Mid-Range
2476,3,1,24,3,3,17.0,4,1.17,0,1,Rural,614107,Premium
1489,3,3,31,2,2,5.3,10,1.15,1,0,Suburban,560039,Mid-Range
2152,5,5,9,2,3,4.0,6,1.79,0,1,Rural,799814,Premium
2032,2,2,41,2,3,13.7,10,2.95,1,0,Rural,540130,Mid-Range
1544,5,2,39,3,2,0.8,4,0.47,1,1,Rural,583842,Mid-Range
3501,3,3,32,2,1,0.5,8,0.63,1,1,Suburban,983394,Luxury
2444,4,4,12,2,2,5.9,3,5.89,0,0,Suburban,747492,Premium
600,4,3,40,2,3,5.9,5,0.89,0,1,Rural,285636,Budget
2131,5,5,53,2,2,22.6,1,1.44,0,0,Suburban,516595,Mid-Range
1537,4,1,41,1,0,1.3,6,6.15,0,0,Suburban,364239,Mid-Range
2597,4,3,46,2,2,1.3,5,3.26,1,1,Suburban,771446,Premium
1445,2,3,36,3,1,1.6,8,1.25,1,0,Suburban,500861,Mid-Range
1920,4,4,53,2,1,0.5,9,3.45,1,1,Suburban,652127,Premium
2353,3,2,15,2,1,0.7,8,0.1,0,0,Urban,765257,Premium
2606,4,4,44,3,2,10.8,8,3.99,1,0,Rural,732639,Premium
1160,4,3,21,2,2,5.6,3,2.0,1,1,Suburban,495821,Mid-Range
1766,4,2,19,2,1,14.4,4,5.03,1,0,Suburban,531770,Mid-Range
1668,2,2,49,2,0,49.1,4,9.28,0,1,Urban,192129,Budget
1543,2,4,42,2,1,10.8,5,7.8,0,1,Urban,449629,Mid-Range
3236,4,2,26,1,2,0.5,9,7.2,0,1,Urban,1010697,Luxury
2283,2,2,40,2,1,1.1,9,2.15,0,1,Suburban,647948,Premium
1117,2,2,15,2,1,21.3,10,1.34,0,1,Urban,474080,Mid-Range
2643,2,4,33,1,1,7.5,1,1.88,1,0,Rural,670978,Premium
3486,6,3,31,2,1,17.4,8,3.51,0,1,Urban,1044835,Luxury
2723,4,4,25,2,1,19.4,1,6.46,0,0,Urban,719528,Premium
936,3,2,24,1,2,26.3,2,0.7,0,0,Urban,284249,Budget
1661,3,3,1,2,0,29.9,7,7.51,1,1,Urban,585013,Mid-Range
2887,3,3,11,1,2,8.1,8,5.07,1,1,Suburban,937721,Premium
1505,4,4,39,2,1,4.2,1,11.57,1,1,Rural,440495,Mid-Range
2311,4,4,8,3,1,32.7,3,6.37,0,1,Suburban,665622,Premium
2542,3,1,11,2,1,7.9,7,0.99,0,1,Urban,826580,Premium
1351,3,3,25,1,2,0.7,9,0.34,1,1,Urban,662317,Premium
1958,2,1,8,1,3,10.3,8,0.36,0,0,Suburban,624539,Premium
600,4,3,9,1,3,8.9,8,1.03,0,0,Rural,338752,Budget
1283,4,2,31,2,2,22.6,9,2.86,0,0,Urban,481743,Mid-Range
1823,3,2,33,1,1,10.6,10,4.89,0,1,Suburban,486320,Mid-Range
1127,2,2,47,2,2,4.3,3,6.89,1,0,Suburban,307043,Budget
3143,2,3,19,1,2,33.9,8,2.93,0,0,Urban,788971,Premium
999,6,2,38,2,1,16.2,1,0.1,0,0,Suburban,309651,Budget
1692,3,3,1,1,2,10.0,8,0.62,0,1,Urban,728370,Premium
2092,4,2,0,1,1,3.5,7,0.32,0,1,Suburban,786154,Premium
3009,4,1,50,2,1,4.7,8,1.35,0,0,Urban,776857,Premium
995,3,4,35,1,1,11.1,1,2.09,0,0,Suburban,323820,Budget
2814,3,2,23,1,1,0.7,6,0.13,0,0,Urban,852125,Premium
2007,2,2,53,2,1,3.0,7,1.29,0,0,Rural,528689,Mid-Range
1313,4,3,26,2,1,12.5,5,0.59,0,0,Urban,527823,Mid-Range
2323,4,2,1,2,0,6.5,5,3.12,0,1,Rural,729577,Premium
2139,4,1,30,1,0,5.1,7,1.87,0,1,Rural,563106,Mid-Range
1580,4,2,13,2,2,1.6,3,2.05,0,0,Rural,529169,Mid-Range
2049,2,5,1,1,2,5.8,6,1.67,1,0,Suburban,763869,Premium
1730,6,3,28,1,1,14.7,7,9.37,0,0,Suburban,570386,Mid-Range
2079,5,3,14,3,0,3.1,1,0.73,0,0,Urban,785878,Premium
2463,3,3,11,2,0,0.5,2,2.18,0,0,Urban,797245,Premium
3110,6,2,36,1,3,11.0,4,4.0,1,0,Suburban,919146,Premium
1134,4,2,27,2,1,36.0,8,2.44,0,0,Urban,281391,Budget
3493,4,4,19,1,1,9.3,10,7.94,0,1,Rural,983643,Luxury
634,4,2,38,3,0,1.3,6,1.42,1,1,Urban,456691,Mid-Range
1894,5,2,23,1,2,3.9,1,1.87,1,1,Suburban,664128,Premium
2412,4,2,20,1,1,20.2,10,0.28,1,0,Suburban,690558,Premium
2197,2,2,9,2,1,2.6,5,2.82,0,1,Suburban,733501,Premium
1564,3,5,45,2,0,9.4,7,1.02,0,1,Suburban,530519,Mid-Range
1854,5,1,13,2,1,5.2,6,0.52,0,0,Urban,711306,Premium
1655,3,3,36,1,2,2.3,9,2.36,1,0,Suburban,582564,Mid-Range
1587,3,2,17,1,2,16.8,8,2.28,0,0,Urban,601649,Premium
2595,3,5,23,2,2,13.6,4,0.24,0,0,Rural,736116,Premium
2250,3,2,13,1,2,10.8,5,3.59,1,0,Suburban,666889,Premium
1515,4,2,33,3,0,2.7,7,2.93,1,1,Rural,509440,Mid-Range
2630,6,3,11,1,2,1.0,8,0.63,1,0,Urban,1046215,Luxury
2215,3,3,21,2,2,8.6,5,1.9,1,0,Urban,781181,Premium
2569,2,2,5,2,1,8.1,9,3.82,1,0,Urban,856284,Premium
2441,3,2,35,1,2,2.1,10,2.26,0,1,Urban,773463,Premium
1420,5,2,44,2,1,0.6,4,1.51,1,0,Urban,587772,Mid-Range
1608,4,2,35,2,1,0.8,4,1.17,1,1,Suburban,545231,Mid-Range
2523,3,2,21,1,2,49.3,8,2.83,0,0,Urban,626389,Premium
2427,5,3,13,3,2,15.3,1,8.4,0,0,Suburban,670161,Premium
1985,5,2,15,2,2,25.5,8,3.34,1,1,Rural,593995,Mid-Range
2082,5,2,35,1,0,2.2,5,0.23,0,0,Suburban,585577,Mid-Range
2894,5,3,24,2,2,32.3,1,1.85,1,0,Suburban,700843,Premium
1586,3,5,31,1,1,1.5,4,6.64,0,0,Urban,539094,Mid-Range
2383,4,3,32,2,1,7.1,2,0.3,0,1,Suburban,678550,Premium
1858,3,1,44,2,3,17.7,4,13.5,0,1,Urban,448622,Mid-Range
1848,5,1,35,2,2,4.3,8,8.93,0,0,Suburban,580392,Mid-Range
2769,4,5,19,3,0,5.5,5,0.24,0,1,Urban,955640,Luxury
2578,4,2,17,2,2,1.4,1,8.13,0,0,Rural,767962,Premium
2569,4,1,37,2,0,1.3,7,1.35,0,1,Suburban,727645,Premium
2914,3,3,2,1,0,9.7,1,5.59,0,0,Suburban,762504,Premium
2015,4,3,22,2,1,11.3,9,1.63,0,1,Urban,705253,Premium
2477,6,3,31,1,3,15.0,3,1.74,0,1,Urban,791792,Premium
1783,6,2,44,2,1,8.1,3,3.02,1,1,Suburban,583346,Mid-Range
2227,2,1,15,2,2,10.4,6,4.47,0,0,Suburban,566730,Mid-Range
1909,3,5,4,1,1,0.5,10,0.1,0,1,Urban,841775,Premium
2068,2,2,3,1,2,1.8,6,2.7,0,0,Urban,728515,Premium
2417,4,3,20,1,1,41.9,6,0.62,0,1,Urban,625867,Premium
1427,5,3,39,2,2,0.8,1,1.27,0,0,Suburban,463601,Mid-Range
3465,3,3,50,2,1,11.4,5,1.28,0,0,Urban,889928,Premium
1296,4,2,13,2,2,1.9,6,1.9,1,0,Suburban,539130,Mid-Range
1150,5,2,38,2,3,12.6,8,1.22,1,0,Suburban,440771,Mid-Range
2811,4,3,30,2,2,12.2,1,0.34,1,1,Suburban,811078,Premium
2554,4,4,13,1,1,2.7,5,0.47,0,1,Rural,840154,Premium
2437,4,5,5,1,3,3.1,3,0.1,0,1,Rural,854355,Premium
2440,4,2,11,2,0,10.6,2,1.91,0,1,Suburban,707029,Premium
1991,3,2,15,2,2,4.9,8,9.27,1,1,Urban,719864,Premium
1372,4,5,16,1,2,2.2,7,0.37,1,0,Suburban,682737,Premium
2053,4,3,44,1,0,13.2,10,8.77,0,0,Suburban,542268,Mid-Range
1526,5,4,22,1,1,1.7,7,3.97,0,0,Suburban,601083,Premium
2683,4,2,13,2,1,19.4,5,3.04,0,0,Suburban,719257,Premium
1897,4,3,6,1,2,7.2,9,3.11,1,0,Urban,787500,Premium
1422,3,3,45,2,2,1.1,5,5.26,1,0,Suburban,435161,Mid-Range
1775,3,3,31,2,1,11.8,2,0.34,0,0,Urban,527906,Mid-Range
2289,2,2,14,1,1,7.3,3,2.11,1,0,Suburban,628537,Premium
1605,3,1,43,3,1,3.5,4,3.58,0,1,Urban,492885,Mid-Range
1424,4,3,16,2,1,5.5,5,2.65,1,0,Suburban,555750,Mid-Range
2171,6,2,40,2,1,3.5,3,5.37,1,0,Urban,717974,Premium
2171,2,3,53,2,2,3.1,7,0.23,1,1,Suburban,665942,Premium
1645,3,5,46,2,0,1.8,5,3.52,0,0,Suburban,480964,Mid-Range
1670,5,2,43,2,2,4.5,5,2.29,0,0,Urban,547036,Mid-Range
2162,3,4,33,2,2,2.9,6,1.43,0,0,Suburban,699124,Premium
986,4,2,4,1,1,11.5,7,1.25,0,0,Suburban,447292,Mid-Range
1015,4,3,44,1,2,11.5,10,2.91,1,0,Suburban,389302,Mid-Range
1497,4,5,26,1,1,7.0,10,6.65,0,0,Urban,652241,Premium
1851,3,2,51,1,1,15.0,8,2.06,0,1,Suburban,438041,Mid-Range
2218,3,1,22,1,0,18.4,9,5.22,1,1,Suburban,548473,Mid-Range
3033,5,2,39,1,1,8.7,4,1.54,0,0,Suburban,755316,Premium
2600,4,1,13,2,1,9.6,5,0.32,0,0,Suburban,803623,Premium
1888,2,3,14,3,0,3.3,5,0.19,0,0,Suburban,609879,Premium
1987,4,4,42,3,1,22.5,8,0.16,0,1,Urban,634874,Premium
1298,2,2,32,2,0,0.5,9,1.43,0,0,Urban,486865,Mid-Range
1987,4,2,52,2,1,4.3,7,1.23,1,1,Urban,691411,Premium
1798,3,2,30,3,0,12.8,5,3.8,0,1,Urban,552511,Mid-Range
2226,6,3,34,2,0,0.8,3,4.07,1,0,Suburban,733747,Premium
1421,3,1,16,1,1,2.0,1,0.16,0,0,Suburban,428716,Mid-Range
2364,3,3,27,3,3,8.9,9,0.75,0,0,Urban,828715,Premium
3073,2,3,18,2,0,8.2,5,0.96,0,0,Rural,783669,Premium
1924,3,3,45,2,2,13.4,9,2.38,0,0,Suburban,523006,Mid-Range
2281,5,2,53,1,0,16.7,10,0.47,0,0,Rural,549100,Mid-Range
2483,6,3,22,1,3,1.4,4,0.43,0,0,Suburban,821105,Premium
1719,3,1,31,2,0,0.5,5,8.64,0,0,Suburban,402415,Mid-Range
2157,3,2,39,2,3,11.7,4,4.89,0,1,Urban,612669,Premium
2009,4,4,12,1,2,3.6,2,0.6,0,0,Urban,697140,Premium
2068,5,3,19,1,0,9.8,1,1.57,0,1,Urban,699334,Premium
1459,4,1,34,2,2,1.6,8,1.32,1,1,Suburban,572445,Mid-Range
2017,3,2,4,2,1,6.3,4,4.7,1,1,Urban,782946,Premium
2349,3,2,8,1,1,7.0,5,2.14,0,1,Suburban,711693,Premium
3016,4,2,28,3,2,8.8,6,0.41,0,0,Urban,912019,Premium
2671,2,2,5,1,3,7.2,8,4.03,1,0,Rural,744940,Premium
3507,4,1,24,1,1,6.8,8,1.52,0,1,Urban,981620,Luxury
1463,3,3,30,2,1,4.0,7,0.92,1,1,Urban,569832,Mid-Range
2611,5,3,21,1,2,0.7,4,1.41,0,1,Urban,933583,Premium
2128,2,3,1,2,2,0.9,6,2.07,1,1,Suburban,786797,Premium
3533,4,3,44,2,2,5.7,4,1.26,0,0,Urban,1001778,Luxury
1434,3,1,4,2,2,4.4,7,0.83,1,0,Suburban,515301,Mid-Range
1412,4,5,26,1,1,7.3,1,1.52,0,0,Urban,574153,Mid-Range
1580,2,4,24,1,3,3.6,5,0.1,0,0,Urban,591772,Mid-Range
600,4,4,7,1,0,11.6,10,4.44,0,0,Rural,356380,Mid-Range
1632,4,4,54,2,1,19.9,10,0.56,0,1,Urban,512470,Mid-Range
1469,4,5,0,2,1,3.6,4,0.13,1,1,Rural,699217,Premium
2105,4,3,19,2,2,2.1,7,3.18,0,0,Rural,671453,Premium
2239,4,2,43,2,0,1.2,9,4.46,1,1,Urban,712911,Premium
3313,5,3,22,3,2,9.6,5,5.04,0,1,Urban,993509,Luxury
2665,3,3,31,2,1,5.9,4,2.04,1,1,Urban,794483,Premium
1596,5,3,10,1,1,2.1,9,0.69,0,0,Suburban,689323,Premium
1371,3,3,38,1,2,10.6,5,4.01,1,1,Suburban,422568,Mid-Range
2344,2,1,46,2,1,1.6,9,3.61,1,1,Suburban,602253,Premium
1076,2,2,53,1,0,8.1,8,0.85,0,0,Suburban,261920,Budget
3282,3,4,23,1,1,7.5,4,7.01,1,0,Urban,862832,Premium
2826,5,3,10,2,3,13.3,7,0.33,1,1,Rural,981935,Luxury
1672,4,3,28,2,0,0.6,5,12.17,0,0,Suburban,550321,Mid-Range
801,5,2,53,1,1,21.9,10,5.9,0,0,Suburban,166573,Budget
2948,4,2,25,2,1,12.1,4,3.49,0,0,Rural,757417,Premium
1920,3,4,15,2,1,2.4,5,8.38,1,1,Suburban,689510,Premium
2866,2,3,34,2,0,2.0,5,3.84,0,1,Urban,790586,Premium
884,3,4,19,1,1,5.7,9,0.63,0,0,Suburban,424668,Mid-Range
1580,3,3,45,1,1,17.0,9,1.75,0,0,Suburban,433505,Mid-Range
2004,2,3,2,2,3,18.5,6,0.22,0,1,Urban,722492,Premium
2033,3,2,0,2,1,7.3,4,1.48,1,1,Rural,607294,Premium
1685,4,3,52,3,1,19.7,2,4.06,1,1,Urban,544866,Mid-Range
2436,4,2,46,2,1,0.5,3,1.47,0,0,Suburban,654156,Premium
1253,6,2,0,1,1,0.5,2,1.2,0,0,Suburban,569107,Mid-Range
1900,6,3,16,1,2,24.3,5,2.71,1,0,Urban,660102,Premium
2084,4,5,1,2,1,14.9,6,6.17,0,1,Rural,697496,Premium
2360,3,1,28,1,1,6.0,5,0.15,0,0,Rural,621319,Premium
2498,4,4,19,1,2,14.0,2,1.46,0,0,Suburban,718670,Premium
1213,5,2,5,2,1,31.2,5,0.52,0,0,Urban,480179,Mid-Range
926,2,2,7,1,1,14.8,9,3.57,0,0,Urban,363870,Mid-Range
2894,3,1,28,1,1,18.5,4,0.34,1,1,Urban,768551,Premium
2233,5,2,47,2,1,14.3,10,3.28,0,0,Urban,667771,Premium
1476,3,3,50,1,0,1.8,2,1.01,1,1,Suburban,447342,Mid-Range
3086,4,1,32,1,0,17.9,3,0.67,0,1,Rural,673085,Premium
2081,4,3,2,2,2,2.2,3,8.26,0,0,Suburban,724955,Premium
2826,3,4,34,2,2,22.3,9,0.1,1,1,Rural,754016,Premium
2047,3,2,4,1,1,6.1,4,1.73,0,1,Suburban,667706,Premium
3443,3,4,26,2,1,11.3,1,0.1,0,1,Suburban,907225,Premium
3229,2,2,43,1,0,6.9,1,1.98,0,0,Rural,595096,Mid-Range
1826,2,3,11,2,1,1.0,7,2.09,0,0,Suburban,631193,Premium
2680,5,2,19,3,0,3.4,7,1.16,1,0,Rural,830318,Premium
2452,3,2,44,2,3,41.2,2,0.43,0,1,Urban,564897,Mid-Range
2958,4,2,19,2,2,32.4,9,1.42,1,1,Urban,872200,Premium
1325,3,1,8,1,3,3.9,9,3.35,0,1,Rural,524183,Mid-Range
2480,6,2,38,1,2,50.0,5,4.58,0,0,Suburban,446694,Mid-Range
2741,3,3,3,3,1,18.7,3,2.27,1,0,Rural,776311,Premium
769,3,4,50,1,1,9.4,3,2.67,1,1,Rural,215784,Budget
1172,5,4,53,1,1,0.5,3,0.67,0,0,Urban,424788,Mid-Range
600,5,3,18,2,1,23.2,6,1.02,0,1,Suburban,421045,Mid-Range
1811,3,2,37,2,3,8.2,4,0.53,0,0,Urban,553941,Mid-Range
2502,5,2,26,3,0,20.3,8,0.86,0,0,Suburban,711693,Premium
3052,3,2,44,1,2,18.0,5,0.76,1,0,Suburban,753155,Premium
2052,3,2,42,3,1,17.9,1,2.2,1,0,Urban,508479,Mid-Range
3140,2,3,12,1,2,12.0,9,2.48,0,0,Suburban,890640,Premium
1034,2,3,12,1,3,3.4,1,8.7,1,0,Suburban,390661,Mid-Range
808,4,2,21,2,2,4.1,6,0.65,0,0,Urban,462464,Mid-Range
1961,3,2,27,1,2,3.7,1,3.08,0,0,Rural,550841,Mid-Range
2269,3,4,51,1,1,0.5,3,5.1,0,0,Suburban,535325,Mid-Range
1977,4,4,46,2,2,8.7,10,2.46,1,1,Rural,696159,Premium
600,4,2,52,1,3,12.0,5,0.88,1,0,Urban,293978,Budget
1938,3,4,44,1,2,19.2,10,0.91,0,1,Urban,643002,Premium
1087,4,5,21,1,2,1.5,7,0.12,0,1,Suburban,580457,Mid-Range
2469,2,2,42,2,2,7.9,10,1.09,1,1,Urban,832541,Premium
2257,4,2,18,2,2,0.5,8,4.09,0,1,Rural,728690,Premium
1342,4,3,7,2,1,1.0,9,0.15,0,0,Urban,696657,Premium
1640,6,5,51,2,2,0.6,6,0.74,1,1,Suburban,724543,Premium
1259,2,4,7,2,1,12.9,9,3.67,1,1,Suburban,541255,Mid-Range
1956,2,2,41,2,0,0.8,8,4.58,0,1,Urban,622582,Premium
2669,3,2,25,1,1,12.6,9,1.82,0,0,Urban,772255,Premium
1310,3,3,47,1,1,2.9,10,3.59,0,0,Suburban,379144,Mid-Range
2353,3,3,50,2,0,21.0,4,1.47,0,0,Suburban,453696,Mid-Range
1629,5,2,25,1,0,16.8,9,0.52,1,1,Urban,634584,Premium
1445,3,4,22,3,1,31.7,7,1.52,0,1,Rural,446659,Mid-Range
1925,3,3,42,2,0,21.5,5,2.6,1,0,Urban,454327,Mid-Range
1275,4,4,12,2,1,27.1,5,8.87,0,0,Suburban,392078,Mid-Range
1612,3,4,27,2,2,19.6,1,0.21,0,1,Suburban,502655,Mid-Range
1161,4,3,8,2,3,11.8,2,2.12,0,0,Urban,483212,Mid-Range
3375,2,2,19,1,2,1.9,10,1.2,1,1,Rural,958340,Luxury
2025,3,3,18,2,3,3.2,3,2.13,0,1,Urban,747841,Premium
1510,2,2,47,2,2,2.4,8,0.1,0,0,Urban,522539,Mid-Range
2150,2,3,38,3,1,9.3,6,1.13,0,1,Suburban,657926,Premium
1921,5,2,50,1,2,7.0,10,5.14,0,0,Suburban,539095,Mid-Range
1845,2,3,11,1,2,20.2,5,2.42,0,1,Suburban,516150,Mid-Range
2430,4,2,14,1,1,30.5,1,1.8,0,1,Suburban,637052,Premium
2530,3,2,30,2,0,5.2,9,1.01,0,1,Urban,777000,Premium
1629,3,2,54,3,2,7.1,3,1.06,0,0,Urban,474793,Mid-Range
1597,5,1,13,1,0,35.6,3,1.45,0,0,Rural,396252,Mid-Range
1807,2,3,10,2,2,3.2,2,5.42,0,0,Urban,629148,Premium
600,4,3,25,1,1,15.7,4,10.25,0,0,Rural,171621,Budget
939,6,3,41,2,2,2.6,2,1.73,0,0,Urban,486617,Mid-Range
2957,4,2,26,3,1,11.4,9,1.5,0,0,Rural,830548,Premium
3151,6,1,10,1,0,2.9,10,5.62,1,0,Urban,1070979,Luxury
1826,2,1,37,2,1,21.5,7,1.67,0,0,Suburban,387587,Mid-Range
2404,3,2,33,3,2,8.2,8,2.41,0,0,Urban,778008,Premium
2218,3,4,42,3,2,2.1,3,0.79,0,1,Urban,742537,Premium
4155,4,2,18,2,2,2.5,6,4.08,1,1,Urban,1204528,Luxury
2784,6,2,5,2,1,6.8,10,2.28,1,0,Urban,1049212,Luxury
1910,3,2,45,1,2,32.6,6,4.97,0,0,Urban,329955,Budget
1331,4,2,51,2,1,14.7,1,4.55,0,0,Suburban,287491,Budget
875,3,3,37,2,1,6.7,6,0.73,0,0,Suburban,323515,Budget
2142,4,3,48,2,1,4.1,3,3.77,1,0,Suburban,649489,Premium
1471,3,2,41,1,2,8.0,3,4.83,1,1,Suburban,431063,Mid-Range
1004,6,1,27,1,1,13.8,3,1.27,0,1,Suburban,399289,Mid-Range
1547,4,2,0,1,0,15.3,10,0.57,1,1,Suburban,615365,Premium
1243,3,2,34,1,2,3.9,10,0.1,1,0,Suburban,513656,Mid-Range
3181,2,2,39,1,2,12.8,8,1.8,0,1,Suburban,769655,Premium
2617,3,5,7,2,1,10.7,5,1.3,0,1,Rural,848247,Premium
1994,3,3,51,1,0,32.0,4,2.43,0,0,Urban,351876,Mid-Range
3036,3,3,53,1,1,26.7,9,0.62,0,0,Urban,718583,Premium
2054,5,2,46,2,1,15.6,9,5.89,1,0,Suburban,545055,Mid-Range
1397,4,2,6,1,2,12.9,1,0.89,0,0,Urban,522619,Mid-Range
3066,4,3,10,1,1,3.2,2,0.77,1,1,Rural,973831,Luxury
2377,2,3,38,1,2,18.7,8,1.97,1,0,Rural,595340,Mid-Range
1274,5,3,3,1,2,5.6,5,2.07,0,0,Urban,623390,Premium
1867,4,2,24,2,1,3.2,7,0.73,0,0,Urban,604848,Premium
1387,2,3,11,1,3,4.8,1,0.95,1,0,Suburban,487683,Mid-Range
1032,4,2,25,2,1,18.1,10,0.56,1,1,Suburban,478508,Mid-Range
2648,4,4,37,3,1,1.6,5,3.8,1,1,Urban,879143,Premium
3337,2,3,45,2,1,6.1,3,4.41,0,1,Suburban,831038,Premium
1021,3,3,11,2,0,6.8,10,1.86,0,0,Suburban,477337,Mid-Range
2394,3,2,42,3,0,0.5,2,3.76,0,1,Urban,705262,Premium
1545,3,3,50,2,1,2.2,2,3.99,1,0,Urban,479093,Mid-Range
1659,6,2,52,1,2,17.5,9,0.45,0,1,Suburban,508929,Mid-Range
1585,5,2,36,1,3,17.8,4,10.16,1,0,Urban,461688,Mid-Range
1395,4,2,45,3,2,3.5,4,5.16,0,0,Rural,347654,Budget
2034,3,3,52,1,0,20.8,7,0.69,1,0,Suburban,509636,Mid-Range
1418,3,2,23,1,2,14.8,10,0.62,0,0,Suburban,464494,Mid-Range
2189,4,2,15,2,2,5.4,10,0.4,0,1,Rural,772943,Premium
1965,4,4,12,2,2,13.8,2,0.45,0,0,Rural,588366,Mid-Range
1833,2,2,24,1,2,32.5,3,4.14,0,0,Urban,364112,Mid-Range
1365,4,3,53,2,2,6.1,3,1.9,0,0,Urban,452357,Mid-Range
1596,5,2,53,1,1,2.7,6,4.58,0,1,Suburban,447579,Mid-Range
2529,3,1,51,2,2,28.4,3,4.11,0,0,Suburban,437808,Mid-Range
2351,2,4,53,1,1,9.3,5,2.78,0,1,Urban,577410,Mid-Range
1316,5,1,3,1,3,1.1,4,3.48,1,1,Rural,563251,Mid-Range
2070,3,3,10,2,1,8.5,3,0.1,0,0,Urban,700809,Premium
2526,3,3,31,2,0,6.9,8,1.12,0,0,Urban,760027,Premium
831,3,3,48,2,0,19.4,10,3.05,1,0,Urban,342376,Budget
2380,3,3,6,2,2,7.6,3,0.1,0,1,Suburban,783518,Premium
1536,4,2,45,1,1,2.9,6,0.1,1,0,Suburban,586637,Mid-Range
2399,4,1,10,2,1,11.3,7,5.73,0,0,Urban,760199,Premium
1466,3,3,27,1,3,7.8,7,3.46,0,1,Urban,517592,Mid-Range
737,5,3,53,1,3,2.7,2,0.93,0,1,Urban,356419,Mid-Range
861,5,4,40,1,1,8.5,3,3.49,0,0,Suburban,311492,Budget
2034,5,4,22,2,1,17.2,10,4.72,0,0,Urban,710807,Premium
2182,3,4,44,3,2,0.5,10,1.1,0,0,Rural,681981,Premium
1367,3,3,22,3,3,10.0,4,0.11,0,0,Urban,533835,Mid-Range
2447,6,2,49,2,1,4.3,7,8.1,0,0,Rural,637625,Premium
837,4,4,27,1,2,3.5,2,1.27,0,1,Urban,392161,Mid-Range
1954,2,3,42,2,1,5.0,3,0.34,0,0,Suburban,534857,Mid-Range
1152,2,2,46,2,2,4.2,7,2.03,0,1,Urban,369009,Mid-Range
1544,3,4,25,1,2,17.9,7,4.39,0,1,Urban,537226,Mid-Range
2033,5,4,24,3,1,3.2,10,0.75,0,0,Rural,725991,Premium
1398,4,3,53,1,0,13.2,3,0.94,0,1,Rural,315526,Budget
1731,3,1,28,3,3,1.0,1,0.83,0,0,Suburban,519504,Mid-Range
2704,2,2,18,2,2,30.2,3,14.36,0,1,Suburban,552762,Mid-Range
1596,4,4,32,2,1,9.7,5,0.66,0,1,Suburban,592191,Mid-Range
2585,5,4,35,1,2,12.3,7,2.57,0,0,Rural,740929,Premium
1209,3,2,13,1,2,3.5,4,7.78,0,0,Urban,457451,Mid-Range
2371,4,1,13,1,1,5.3,1,0.48,0,0,Suburban,676979,Premium
3009,6,4,34,1,2,2.5,6,10.61,0,0,Suburban,922892,Premium
600,3,2,29,1,2,27.0,2,8.84,0,0,Urban,143942,Budget
1442,4,3,27,2,3,6.7,3,6.48,0,0,Rural,424149,Mid-Range
2404,3,5,16,2,0,10.0,4,0.72,0,1,Urban,848360,Premium
1858,5,1,2,2,0,13.3,6,3.02,1,0,Urban,715095,Premium
2260,4,3,15,2,1,4.6,6,4.29,1,1,Suburban,759536,Premium
1577,4,1,45,1,2,12.7,7,12.81,0,1,Suburban,355714,Mid-Range
2061,5,2,29,3,2,11.3,5,0.6,0,0,Urban,658139,Premium
1891,3,4,51,1,2,12.2,7,4.36,0,1,Suburban,440321,Mid-Range
2817,5,2,28,2,2,6.7,2,1.24,1,0,Rural,756088,Premium
2178,4,5,44,2,1,4.8,1,0.58,0,0,Urban,673663,Premium
2236,3,3,14,2,3,2.5,10,1.64,1,1,Suburban,863710,Premium
1712,4,2,45,1,1,17.4,8,4.74,0,0,Suburban,372521,Mid-Range
1659,5,2,24,2,2,9.4,1,1.88,0,1,Suburban,476547,Mid-Range
1697,3,2,50,2,1,5.9,2,2.31,0,1,Rural,424934,Mid-Range
2276,5,2,37,1,2,28.8,10,15.99,0,1,Suburban,526043,Mid-Range
1705,5,1,41,2,2,0.5,6,1.53,0,1,Suburban,625144,Premium
2203,3,2,46,3,2,19.0,1,2.87,0,1,Suburban,542603,Mid-Range
3453,6,3,52,3,0,50.0,10,1.36,0,0,Suburban,778108,Premium
2610,2,3,53,1,1,21.8,3,1.5,1,0,Suburban,532958,Mid-Range
1772,3,3,51,1,2,16.6,7,3.57,0,1,Rural,392231,Mid-Range
2841,3,3,37,1,2,4.7,8,8.34,0,0,Urban,809245,Premium
1714,5,1,22,1,1,2.6,4,2.35,0,0,Urban,593792,Mid-Range
600,4,2,24,1,3,13.3,3,4.39,1,0,Urban,307221,Budget
1294,3,3,41,1,1,3.6,1,0.28,1,1,Urban,404194,Mid-Range
690,3,3,6,3,1,1.9,9,0.71,0,0,Urban,520742,Mid-Range
1754,4,1,21,3,2,15.4,10,2.09,0,1,Rural,607409,Premium
2013,2,4,16,1,2,3.7,6,0.1,0,0,Suburban,701178,Premium
3174,5,4,17,1,3,24.6,6,0.87,0,0,Suburban,905220,Premium
2229,5,3,48,2,2,18.4,9,2.19,0,0,Suburban,597558,Mid-Range
1847,4,1,40,1,1,18.8,1,0.1,1,0,Rural,410565,Mid-Range
2581,6,4,9,2,0,14.8,6,0.92,0,1,Suburban,881489,Premium
600,3,3,9,2,1,21.3,5,2.16,0,0,Rural,222994,Budget
2165,6,4,6,3,1,16.4,6,2.55,0,0,Urban,791800,Premium
2540,4,4,47,2,2,9.2,8,7.8,1,0,Rural,743589,Premium
965,4,4,49,2,1,3.5,5,3.11,0,0,Suburban,368645,Mid-Range
2801,3,3,37,2,1,21.9,2,1.61,0,0,Urban,703220,Premium
2237,5,2,26,1,1,18.4,2,7.99,0,0,Suburban,505476,Mid-Range
1709,3,3,51,2,0,6.4,10,4.61,0,1,Suburban,499654,Mid-Range
2443,3,3,32,2,1,0.5,5,0.67,1,1,Urban,823817,Premium
3589,2,3,0,1,2,10.2,3,0.42,0,0,Suburban,1000324,Luxury
2127,4,2,43,1,2,0.5,10,3.38,1,0,Urban,769048,Premium
2174,4,2,52,1,2,26.1,3,2.46,0,0,Urban,430590,Mid-Range
1678,4,4,33,3,2,32.6,8,4.68,0,0,Rural,395751,Mid-Range
1405,5,3,3,1,1,2.1,7,4.03,1,1,Suburban,697299,Premium
2581,2,4,16,1,2,11.3,1,2.94,0,1,Rural,648611,Premium
1401,4,4,3,1,0,1.0,5,12.89,0,0,Suburban,540045,Mid-Range
2050,3,3,42,2,1,13.1,9,2.29,0,1,Urban,628436,Premium
1666,5,3,53,1,2,4.3,4,0.36,0,0,Suburban,455626,Mid-Range
2335,5,4,25,3,0,11.4,1,5.29,0,0,Suburban,612347,Premium
2234,4,3,3,3,2,4.7,8,0.87,1,0,Rural,848984,Premium
2726,4,3,0,2,1,1.6,5,4.51,1,0,Urban,983634,Luxury
1643,3,2,6,2,2,5.2,2,9.45,0,1,Rural,519381,Mid-Range
1811,3,3,29,1,1,1.2,1,3.58,0,0,Rural,468738,Mid-Range
1315,5,3,49,1,1,8.6,3,2.72,0,0,Suburban,254007,Budget
1689,3,2,8,2,2,0.5,9,1.85,0,1,Rural,662227,Premium
2264,3,2,34,1,1,7.5,1,1.36,0,1,Suburban,527397,Mid-Range
2530,3,2,7,1,1,21.7,4,1.31,0,1,Rural,590161,Mid-Range
1354,5,2,23,2,0,18.2,8,3.03,0,1,Suburban,421629,Mid-Range
2609,3,2,18,1,2,21.4,8,4.17,0,0,Urban,664108,Premium
2949,3,2,35,3,2,25.5,10,3.4,0,1,Rural,731223,Premium
2289,4,4,49,1,1,1.1,8,0.66,0,1,Suburban,688069,Premium
3314,5,3,51,2,3,1.4,10,2.04,1,1,Suburban,980757,Luxury
1458,2,2,42,2,2,8.1,8,4.71,0,1,Suburban,420881,Mid-Range
1129,3,1,26,2,2,22.4,4,1.94,0,0,Urban,302383,Budget
755,2,3,31,1,2,36.6,8,2.31,0,1,Suburban,211696,Budget
3047,3,2,13,2,1,0.5,9,4.42,0,0,Rural,911930,Premium
2458,3,4,17,3,2,4.4,7,3.25,0,0,Urban,851026,Premium
1961,4,3,27,2,1,2.4,2,1.58,0,0,Urban,695232,Premium
2196,4,4,28,1,0,14.1,9,6.77,1,1,Urban,778448,Premium
1212,4,2,15,2,3,10.2,8,0.53,0,0,Suburban,523878,Mid-Range
3712,3,3,34,2,2,1.3,5,16.22,0,0,Suburban,938710,Premium
2090,5,2,46,2,1,6.6,3,0.38,0,0,Suburban,551557,Mid-Range
2077,3,5,30,3,1,11.6,7,0.1,1,1,Rural,636660,Premium
2508,6,3,3,1,2,15.1,2,6.62,1,0,Suburban,749799,Premium
2337,4,2,36,2,0,0.5,3,0.84,1,1,Urban,737644,Premium
2157,2,2,16,2,0,22.1,9,3.92,0,1,Rural,559457,Mid-Range
1447,4,2,38,2,0,8.4,4,5.0,1,0,Suburban,384519,Mid-Range
2330,3,3,47,3,1,16.7,4,5.88,0,0,Suburban,505154,Mid-Range
3317,4,2,45,3,2,16.5,3,14.34,0,1,Suburban,690995,Premium
2942,2,3,25,2,0,2.1,5,1.04,1,1,Rural,798269,Premium
3115,3,2,47,1,2,1.2,3,3.72,1,1,Suburban,839283,Premium
1642,5,3,38,1,1,12.8,9,0.37,0,0,Urban,599546,Mid-Range
1307,3,4,40,2,2,1.7,3,1.57,0,1,Suburban,447819,Mid-Range
1912,5,4,3,3,3,19.0,2,5.65,0,0,Urban,748350,Premium
2039,3,4,29,1,2,13.0,5,1.37,0,1,Suburban,614461,Premium
2766,4,2,29,1,2,18.4,6,2.68,0,1,Suburban,736033,Premium
815,4,1,21,1,3,3.6,1,2.1,1,0,Urban,437665,Mid-Range
3071,4,3,10,2,1,3.8,6,3.11,0,1,Urban,1001434,Luxury
1889,3,2,1,1,2,11.1,10,10.82,1,1,Urban,745267,Premium
1701,3,2,43,2,2,0.5,3,0.17,1,1,Suburban,573404,Mid-Range
1292,2,1,11,2,1,13.0,4,2.56,0,0,Rural,330530,Budget
842,3,2,29,2,1,18.1,6,5.96,1,0,Rural,188690,Budget
2576,4,1,35,2,3,5.4,8,1.97,0,1,Urban,822039,Premium
2051,6,4,17,2,2,14.5,9,0.25,0,0,Suburban,810808,Premium
1097,5,2,25,1,1,1.9,6,2.47,0,0,Rural,433578,Mid-Range
1093,4,3,52,2,1,3.9,7,1.21,0,1,Urban,504941,Mid-Range
1765,5,1,6,2,2,36.6,5,0.51,1,0,Suburban,521969,Mid-Range
3168,4,3,0,3,1,42.9,9,5.67,1,1,Suburban,914083,Premium
1818,3,2,25,1,2,7.2,4,2.21,0,0,Urban,538917,Mid-Range
948,5,4,22,1,2,27.2,10,8.12,1,0,Rural,363603,Mid-Range
1828,4,4,25,1,2,7.4,6,4.92,0,1,Rural,616395,Premium
1809,4,2,44,1,1,3.4,5,3.54,1,1,Urban,625160,Premium
600,2,4,5,2,2,3.1,1,0.1,0,1,Urban,438369,Mid-Range
1962,3,5,5,1,2,26.5,5,1.67,0,0,Urban,646761,Premium
1838,3,4,43,2,2,1.9,5,0.66,0,1,Urban,619007,Premium
2487,5,4,7,1,1,8.7,9,7.25,0,0,Suburban,820857,Premium
3294,4,2,23,1,1,8.1,1,0.58,0,0,Suburban,799361,Premium
2789,3,3,21,2,3,13.5,5,1.01,1,0,Urban,863338,Premium
1812,6,1,18,1,0,6.9,7,2.18,0,1,Rural,544547,Mid-Range
1225,2,1,36,1,1,3.2,6,0.92,1,0,Urban,382724,Mid-Range
3801,3,5,17,2,1,1.9,6,0.71,1,0,Urban,1223155,Luxury
2041,2,2,30,2,2,9.7,7,2.74,0,0,Urban,629680,Premium
2010,4,3,36,1,1,12.7,6,0.28,0,0,Suburban,558055,Mid-Range
1983,5,4,29,3,1,8.4,5,0.18,1,0,Suburban,719326,Premium
2139,3,4,41,2,0,13.4,10,1.4,0,1,Urban,692157,Premium
1899,5,5,32,2,2,1.5,5,3.83,0,0,Urban,744167,Premium
1598,3,2,9,1,1,21.4,9,2.43,0,1,Rural,493708,Mid-Range
1617,5,1,36,1,1,8.7,8,1.65,0,1,Rural,444476,Mid-Range
1977,4,2,11,1,1,1.4,10,2.5,1,0,Urban,721865,Premium
1620,5,2,53,1,2,6.2,4,1.36,0,1,Suburban,441766,Mid-Range
1501,2,1,29,2,1,18.6,4,8.25,0,0,Suburban,285168,Budget
2075,6,2,26,3,0,22.8,10,0.17,0,1,Suburban,723085,Premium
1822,4,4,38,2,1,3.1,5,3.36,1,1,Suburban,643895,Premium
3053,3,3,8,1,3,12.4,3,6.66,1,0,Rural,828935,Premium
600,5,2,53,2,2,1.1,8,4.89,0,1,Suburban,284116,Budget
2764,3,3,20,1,3,0.5,7,0.61,0,0,Suburban,856199,Premium
2872,5,2,11,2,2,8.2,5,1.05,0,0,Suburban,889899,Premium
600,2,1,54,2,0,11.9,10,3.79,0,1,Rural,86474,Budget
1760,4,4,28,2,2,15.9,3,0.26,0,0,Suburban,512861,Mid-Range
1740,4,3,32,3,1,4.2,5,5.01,1,0,Urban,634123,Premium
1015,2,4,42,1,2,0.5,3,3.81,0,0,Urban,379930,Mid-Range
1456,3,1,52,2,1,6.5,10,3.92,0,1,Suburban,384952,Mid-Range
1223,2,4,14,3,1,0.5,5,0.32,1,0,Urban,601007,Premium
3227,3,3,1,2,3,1.0,1,3.79,0,1,Suburban,1022610,Luxury
2655,3,3,51,2,1,4.0,6,3.42,0,0,Rural,612321,Premium
2890,4,3,38,3,2,5.7,10,5.33,0,0,Suburban,846974,Premium
2505,3,4,52,1,0,3.3,4,0.13,0,1,Rural,610686,Premium
1210,3,3,43,3,0,8.7,4,0.1,1,0,Urban,438695,Mid-Range
1633,4,3,53,1,2,0.6,8,1.4,0,1,Rural,551128,Mid-Range
2343,2,5,17,2,2,1.6,2,0.48,0,0,Suburban,745845,Premium
1145,5,4,2,3,2,11.9,4,2.45,0,0,Urban,565109,Mid-Range
2499,5,2,6,1,1,1.5,2,7.48,1,0,Suburban,827633,Premium
1832,4,3,42,2,1,10.2,1,1.49,0,1,Urban,559752,Mid-Range
1738,4,2,17,1,2,0.6,10,5.59,0,1,Suburban,649614,Premium
2498,5,2,43,3,2,5.2,3,0.1,1,1,Suburban,814611,Premium
2311,3,3,37,2,1,2.0,8,0.55,0,0,Urban,719916,Premium
1747,2,4,36,2,3,1.2,6,0.1,1,1,Suburban,694376,Premium
2812,3,4,32,2,2,8.4,7,1.19,0,0,Suburban,812129,Premium
1243,5,2,43,2,3,26.4,2,7.16,0,1,Urban,373246,Mid-Range
2431,2,3,30,1,2,0.6,6,0.31,0,1,Urban,868920,Premium
2415,4,2,10,2,2,5.5,8,2.8,0,1,Suburban,830788,Premium
1783,6,5,3,2,0,12.3,8,1.8,0,0,Suburban,746843,Premium
2228,5,5,17,1,1,6.2,4,8.36,0,0,Rural,635103,Premium
1124,4,3,3,1,2,16.4,6,0.39,0,0,Rural,438344,Mid-Range
2647,2,4,48,1,1,2.0,5,0.71,0,1,Suburban,667310,Premium
1871,5,3,33,1,0,32.1,9,0.1,0,0,Suburban,492277,Mid-Range
1634,4,3,28,3,1,4.9,8,1.71,1,0,Suburban,721071,Premium
2734,2,1,23,2,1,4.2,2,0.98,0,0,Suburban,686905,Premium
1507,2,3,21,2,3,20.8,7,6.12,1,0,Urban,496776,Mid-Range
1014,5,3,1,1,2,8.3,7,2.79,0,0,Urban,571312,Mid-Range
910,4,3,43,1,1,7.3,1,2.86,0,1,Suburban,270098,Budget
2424,5,2,5,1,0,13.0,1,2.28,0,1,Urban,797426,Premium
1104,5,5,41,2,2,8.7,4,0.29,1,1,Suburban,512229,Mid-Range
3228,4,2,24,2,2,1.8,5,1.77,1,1,Rural,991272,Luxury
600,4,3,54,3,3,11.2,4,20.0,0,0,Suburban,95444,Budget
3188,3,3,20,2,2,1.4,7,5.41,1,0,Suburban,944677,Premium
2148,3,3,54,2,1,16.4,3,6.72,0,0,Rural,360611,Mid-Range
1932,3,3,15,2,1,45.8,7,5.2,0,1,Suburban,440756,Mid-Range
1619,4,2,30,3,3,4.7,8,0.33,1,0,Urban,638100,Premium
2279,4,2,13,2,2,5.9,6,0.77,1,0,Urban,768236,Premium
1974,5,3,38,1,2,0.5,6,0.1,1,0,Suburban,709744,Premium
2772,3,3,27,2,1,0.5,8,1.09,0,0,Suburban,780950,Premium
2080,4,2,31,2,2,25.4,8,0.34,0,0,Urban,629674,Premium
2105,4,3,27,2,2,1.4,7,1.92,0,0,Urban,742304,Premium
1745,4,3,50,1,1,5.9,6,3.39,0,1,Rural,487940,Mid-Range
1960,4,3,54,3,1,16.9,6,6.23,1,1,Suburban,477477,Mid-Range
2215,3,4,48,3,1,22.0,10,4.15,0,0,Rural,548247,Mid-Range
803,4,2,8,1,1,7.3,6,8.37,0,0,Suburban,357354,Mid-Range
1056,2,1,44,3,0,8.3,8,0.17,0,1,Rural,294467,Budget
2520,3,4,21,1,1,11.1,1,0.1,0,0,Urban,763594,Premium
2120,3,3,31,1,2,32.5,5,3.25,0,1,Suburban,493482,Mid-Range
1871,4,3,4,1,0,9.2,3,1.02,0,0,Urban,589909,Mid-Range
2013,6,4,22,1,1,8.2,8,0.88,1,1,Suburban,811183,Premium
2243,4,4,4,2,2,0.5,6,1.21,0,1,Suburban,876180,Premium
1622,4,5,41,1,2,0.8,2,0.94,1,1,Urban,638214,Premium
1455,4,3,52,1,2,8.6,7,2.15,0,1,Rural,383806,Mid-Range
2137,4,3,31,1,1,27.5,7,1.74,0,0,Rural,488019,Mid-Range
1315,2,2,9,1,2,20.2,5,2.15,0,0,Urban,476733,Mid-Range
2286,3,2,38,1,1,40.5,8,3.35,1,0,Suburban,439315,Mid-Range
808,3,3,14,2,2,7.5,5,1.47,0,1,Urban,415787,Mid-Range
2720,3,2,6,1,0,15.5,1,0.87,0,0,Suburban,646822,Premium
2331,2,4,28,3,2,18.4,9,0.55,0,1,Rural,671150,Premium
2179,2,3,46,2,1,10.4,4,1.29,0,0,Urban,613314,Premium
2688,3,3,2,1,2,4.1,2,4.06,1,0,Rural,854364,Premium
3166,6,2,18,3,1,6.3,4,4.24,1,1,Urban,1068565,Luxury
2710,3,1,9,1,1,19.5,9,3.3,0,0,Suburban,691622,Premium
711,3,1,27,1,1,3.5,2,0.8,0,0,Suburban,212424,Budget
1104,3,2,28,1,2,25.7,4,2.66,1,0,Urban,366912,Mid-Range
1563,4,1,14,1,3,2.6,2,2.54,0,0,Urban,609914,Premium
2018,3,3,34,2,2,13.8,5,1.99,0,1,Rural,519635,Mid-Range
2362,3,4,5,2,0,10.0,3,2.4,0,1,Suburban,787397,Premium
1492,4,4,11,1,1,13.8,10,2.03,0,0,Urban,631400,Premium
2131,2,3,46,2,3,5.8,2,2.5,0,0,Suburban,544933,Mid-Range
1471,2,2,37,1,1,27.0,9,3.77,1,0,Urban,423251,Mid-Range
1572,3,4,12,2,2,10.0,5,0.35,0,0,Urban,587887,Mid-Range
1015,2,4,28,1,3,3.4,10,4.15,0,1,Suburban,474832,Mid-Range
1354,2,2,18,1,2,10.2,5,0.44,1,1,Urban,577746,Mid-Range
1054,3,3,2,1,1,3.4,1,0.21,0,0,Rural,382672,Mid-Range
1317,5,2,7,1,1,3.5,6,11.2,0,0,Suburban,459744,Mid-Range
2738,4,4,7,2,1,5.1,7,9.44,0,1,Rural,856023,Premium
1335,4,5,54,2,2,19.1,1,0.19,0,0,Suburban,348814,Budget
3843,3,1,19,1,1,6.9,9,1.76,1,0,Rural,994082,Luxury
2345,6,4,46,2,1,11.4,8,0.62,1,1,Suburban,790776,Premium
2129,3,3,3,2,1,5.0,8,1.99,0,0,Suburban,697030,Premium
1399,2,5,50,3,1,3.1,7,5.32,1,0,Rural,438415,Mid-Range
2490,4,3,20,1,2,30.9,5,9.02,0,1,Suburban,654800,Premium
1597,2,4,2,2,2,9.3,3,3.02,1,1,Urban,649525,Premium
2085,3,1,44,3,1,27.2,9,1.31,0,0,Suburban,447896,Mid-Range
3792,4,2,7,2,1,2.3,7,2.77,0,0,Rural,1067141,Luxury
1933,5,1,22,1,3,1.6,10,1.12,0,0,Suburban,789786,Premium
2804,3,5,15,1,0,19.4,10,7.22,0,1,Suburban,840123,Premium
1508,4,4,12,1,2,11.4,8,6.13,0,0,Suburban,560861,Mid-Range
1976,6,4,2,2,3,2.1,6,2.45,0,0,Rural,801318,Premium
3240,2,5,47,2,1,3.1,5,1.18,1,1,Urban,984229,Luxury
1561,3,1,8,1,2,16.1,8,1.04,0,0,Suburban,480235,Mid-Range
3269,3,2,13,2,3,6.0,3,0.1,1,0,Urban,1025011,Luxury
2495,3,1,12,2,1,11.1,7,5.08,0,0,Suburban,655426,Premium
1606,3,2,52,2,1,3.8,2,1.8,0,0,Suburban,407396,Mid-Range
2443,5,2,6,2,1,4.8,3,1.18,1,0,Urban,867313,Premium
2681,4,3,14,2,1,46.8,2,1.91,0,1,Urban,667463,Premium
2435,4,2,6,1,2,2.8,5,5.12,1,1,Suburban,813903,Premium
901,3,2,37,3,2,7.1,7,0.4,1,0,Urban,463544,Mid-Range
1491,5,2,33,1,2,18.6,10,5.85,0,0,Urban,503317,Mid-Range
1827,6,2,40,1,1,2.7,10,6.83,0,1,Rural,647113,Premium
1948,5,5,21,1,0,5.4,1,8.8,0,0,Urban,678207,Premium
2434,2,4,23,1,2,9.5,10,1.52,0,0,Suburban,697578,Premium
2124,4,5,48,1,0,6.6,9,0.73,0,1,Rural,634158,Premium
1065,2,2,36,1,2,6.2,1,1.4,1,0,Urban,371824,Mid-Range
2266,3,2,43,2,1,4.5,1,1.21,0,0,Suburban,532293,Mid-Range
2427,2,4,0,1,2,8.8,10,0.58,0,0,Suburban,862163,Premium
2392,4,2,9,2,2,9.8,8,2.8,0,0,Suburban,806962,Premium
2757,4,2,42,1,1,10.6,6,1.94,1,0,Rural,679374,Premium
2584,2,2,15,3,1,0.7,6,6.02,0,0,Rural,733551,Premium
2321,3,2,45,2,1,10.0,9,0.1,0,0,Suburban,547341,Mid-Range
1951,3,2,7,1,1,30.6,4,3.1,0,1,Urban,592607,Mid-Range
837,3,2,48,2,2,7.8,8,4.32,1,0,Urban,378644,Mid-Range
2301,2,3,24,2,2,12.6,4,4.27,1,0,Suburban,601796,Premium
2145,3,1,49,2,2,8.1,2,6.52,0,1,Urban,531745,Mid-Range
2190,4,2,11,2,3,19.3,8,3.92,1,1,Suburban,683652,Premium
1106,2,4,24,2,1,26.5,7,7.89,0,0,Suburban,259614,Budget
1243,2,2,16,2,0,2.0,4,1.21,1,0,Urban,536712,Mid-Range
2737,3,2,25,2,1,5.7,9,2.1,0,0,Rural,747898,Premium
1972,6,4,45,1,2,5.0,9,0.1,0,1,Urban,767752,Premium
2477,4,2,47,2,1,5.2,8,0.1,0,0,Suburban,689130,Premium
2020,4,1,13,1,2,1.3,1,0.82,0,0,Suburban,615245,Premium
2021,3,3,40,2,1,16.8,7,0.32,1,0,Suburban,599978,Mid-Range
2657,4,2,35,1,3,0.5,5,0.9,0,0,Suburban,745597,Premium
1639,2,3,22,2,3,7.5,7,0.58,1,0,Urban,656455,Premium
2067,4,4,42,3,0,10.8,9,0.1,0,0,Suburban,611547,Premium
1676,5,2,5,1,1,2.3,2,7.2,0,1,Suburban,617511,Premium
1696,4,3,46,1,2,23.6,4,0.1,0,1,Rural,379603,Mid-Range
1784,5,3,4,2,1,18.2,4,4.0,0,0,Suburban,598006,Mid-Range
2155,4,2,42,2,1,6.4,2,0.5,1,0,Suburban,584031,Mid-Range
1665,2,3,24,2,2,5.3,3,7.3,0,0,Suburban,456630,Mid-Range
2879,5,2,17,1,1,2.7,8,6.7,0,0,Rural,787355,Premium
1374,2,3,12,3,2,13.1,9,3.18,0,1,Urban,603361,Premium
1869,4,1,42,2,2,1.4,6,3.35,0,1,Suburban,582374,Mid-Range
1692,2,3,13,1,0,11.4,10,0.1,1,0,Suburban,554153,Mid-Range
3013,2,2,27,1,1,18.5,2,12.57,0,0,Suburban,564025,Mid-Range
2138,3,4,17,2,1,2.6,2,6.31,1,0,Urban,723551,Premium
2722,3,1,27,1,2,20.1,7,6.76,0,1,Suburban,635438,Premium
960,3,2,50,1,1,0.5,8,3.23,0,1,Urban,370431,Mid-Range
2187,4,3,26,3,2,24.4,8,1.27,1,1,Suburban,758760,Premium
2623,2,3,31,1,1,1.3,6,6.72,0,1,Suburban,672598,Premium
2058,2,3,46,2,1,10.4,10,1.03,0,0,Rural,445180,Mid-Range
2746,4,3,8,1,1,2.9,8,2.48,0,1,Suburban,892362,Premium
1638,3,4,39,2,1,18.1,1,0.32,0,1,Urban,472223,Mid-Range
2987,4,4,31,2,1,7.2,9,7.65,1,0,Urban,918377,Premium
3609,4,2,19,1,2,1.5,1,0.46,0,0,Rural,938143,Premium
1746,5,3,27,2,1,8.5,3,0.76,1,1,Urban,653117,Premium
1688,4,4,32,1,0,5.2,9,2.45,0,1,Suburban,565780,Mid-Range
3017,3,5,3,3,0,10.8,5,4.33,0,1,Urban,969602,Luxury
3106,4,4,45,3,2,21.4,9,2.9,0,1,Suburban,828043,Premium
1634,3,2,33,2,2,5.3,9,0.79,0,1,Suburban,634728,Premium
1706,3,2,47,2,1,3.4,6,0.1,1,1,Urban,636549,Premium
1803,5,3,2,1,2,0.5,1,4.25,0,0,Urban,660298,Premium
1059,3,3,25,2,1,8.6,10,12.64,0,1,Rural,294310,Budget
1357,5,3,7,1,2,5.1,7,4.98,1,0,Suburban,614858,Premium
1297,5,3,5,1,1,4.7,6,1.85,1,0,Suburban,667790,Premium
1463,5,4,15,2,0,2.0,9,7.02,0,0,Rural,592979,Mid-Range
1976,5,2,23,1,3,5.6,7,1.58,1,1,Rural,697986,Premium
2164,3,4,47,2,1,41.6,4,2.23,0,1,Urban,458098,Mid-Range
3085,3,2,38,1,2,3.5,7,1.95,0,1,Rural,825802,Premium
1301,4,2,29,2,1,9.2,2,1.78,0,0,Urban,449852,Mid-Range
2689,3,3,44,1,2,15.0,6,4.48,0,0,Urban,735282,Premium
1850,4,4,12,1,2,13.8,6,2.24,0,0,Rural,541556,Mid-Range
1965,4,2,4,2,0,4.0,2,1.14,0,0,Urban,707162,Premium
2472,4,2,24,3,2,9.4,4,0.9,0,1,Urban,789561,Premium
1214,3,5,19,2,2,20.5,8,0.12,1,0,Urban,580721,Mid-Range
2268,3,2,53,1,2,0.5,8,2.63,1,1,Suburban,665039,Premium
2117,3,3,17,1,1,5.7,8,0.78,1,1,Suburban,760325,Premium
2345,2,3,46,3,2,2.5,8,0.48,0,0,Suburban,700100,Premium
2202,5,3,17,2,0,4.9,1,3.18,0,1,Rural,700846,Premium
3719,3,3,1,1,1,5.4,2,3.43,0,0,Suburban,1066268,Luxury
1554,3,2,9,3,2,13.7,4,4.18,0,0,Urban,556815,Mid-Range
1628,2,3,54,2,2,1.0,9,2.1,0,1,Rural,446323,Mid-Range
1564,4,2,44,3,0,7.2,3,6.73,0,1,Urban,431188,Mid-Range
1611,4,3,49,3,1,8.3,6,8.26,1,0,Urban,533636,Mid-Range
1554,3,2,46,3,1,6.8,7,4.94,0,0,Urban,500227,Mid-Range
2832,2,3,11,1,1,13.2,8,3.03,0,0,Suburban,739141,Premium
2994,3,2,46,1,1,4.8,7,1.09,0,0,Urban,827287,Premium
1600,3,2,12,2,2,29.0,3,12.21,0,1,Urban,419576,Mid-Range
1417,4,2,49,2,1,6.6,6,0.96,0,1,Urban,453044,Mid-Range
2330,4,2,46,2,2,8.5,5,0.68,0,0,Urban,644054,Premium
1613,3,4,54,1,2,17.5,10,1.75,0,1,Suburban,434103,Mid-Range
2443,3,2,10,2,1,3.2,4,0.18,0,0,Rural,679383,Premium
2142,6,4,18,2,1,0.8,1,11.52,0,0,Suburban,697810,Premium
939,3,5,34,1,1,12.3,7,2.66,1,1,Urban,489334,Mid-Range
3083,4,3,38,1,1,6.6,8,2.44,1,1,Urban,997208,Luxury
3257,2,2,52,2,2,22.7,2,3.2,0,1,Rural,591810,Mid-Range
1571,3,2,25,2,1,40.6,7,2.06,0,0,Urban,396193,Mid-Range
1729,2,4,45,1,2,5.1,6,0.1,1,1,Rural,496216,Mid-Range
2200,4,2,13,2,1,5.4,5,2.84,0,0,Urban,743384,Premium
2234,6,1,53,2,1,5.2,4,3.78,0,1,Rural,520938,Mid-Range
2461,3,3,44,2,0,3.9,2,1.62,0,1,Urban,648779,Premium
3407,2,4,43,1,0,15.2,10,4.25,0,0,Suburban,829338,Premium
1876,2,4,23,2,1,14.2,6,0.77,1,1,Suburban,574192,Mid-Range
1441,3,2,40,1,1,6.5,5,0.75,1,0,Suburban,447689,Mid-Range
1034,3,3,0,3,2,0.5,2,0.53,0,0,Urban,545103,Mid-Range
1488,2,2,50,1,2,3.7,10,1.4,0,1,Suburban,390380,Mid-Range
1977,4,2,42,2,1,3.5,7,5.63,0,0,Suburban,478029,Mid-Range
3256,3,4,54,1,1,16.7,6,5.28,0,1,Urban,838988,Premium
1638,3,2,21,2,1,0.9,9,1.45,1,0,Urban,616908,Premium
2157,5,2,22,2,1,16.4,10,2.67,0,1,Suburban,706942,Premium
1989,2,1,53,1,1,11.1,5,3.83,0,0,Urban,435486,Mid-Range
2832,6,4,18,2,1,13.2,9,0.83,1,0,Suburban,928899,Premium
3769,3,4,17,1,1,5.7,9,0.55,1,0,Urban,1148875,Luxury
1628,5,3,11,1,0,11.4,1,10.74,1,1,Suburban,540023,Mid-Range
1657,4,4,54,2,0,9.4,5,2.88,0,1,Urban,526285,Mid-Range
2731,5,2,27,1,1,14.7,9,11.96,0,1,Suburban,718527,Premium
2477,6,3,27,3,2,5.9,7,1.24,0,0,Urban,902365,Premium
3293,3,2,32,2,1,6.4,6,3.64,0,0,Urban,885818,Premium
2409,6,1,18,2,1,10.3,6,0.76,1,0,Urban,811943,Premium
1748,3,3,27,1,2,1.1,7,0.91,0,1,Rural,615108,Premium
2413,3,4,51,2,2,5.7,1,2.15,1,0,Urban,686965,Premium
2776,3,1,48,2,2,35.7,4,1.16,0,1,Suburban,482702,Mid-Range
2574,4,2,36,1,2,0.5,1,0.55,1,1,Urban,815652,Premium
2355,3,2,25,2,0,3.8,6,0.92,0,0,Urban,706759,Premium
2747,4,2,34,1,2,3.8,4,0.11,1,0,Suburban,777968,Premium
2819,4,4,33,2,2,10.0,1,3.66,0,1,Suburban,772039,Premium
2968,4,3,34,1,0,1.1,9,2.03,0,0,Rural,785245,Premium
2454,5,3,39,3,1,9.9,4,0.3,1,0,Rural,758898,Premium
1883,3,4,15,2,2,1.0,6,0.57,0,0,Suburban,650015,Premium
2103,3,2,37,1,1,1.0,7,0.32,0,1,Suburban,632534,Premium
2845,3,3,12,1,0,13.0,8,2.84,1,1,Suburban,869198,Premium
1428,3,2,22,2,0,3.9,9,0.3,0,0,Urban,569762,Mid-Range
2258,2,3,53,3,1,37.9,9,4.21,0,0,Rural,375530,Mid-Range
1725,3,5,21,1,1,0.5,8,0.1,0,0,Suburban,645415,Premium
2020,3,4,15,1,2,5.9,10,0.86,1,1,Suburban,763358,Premium
2895,6,2,27,2,2,1.2,3,6.64,0,0,Urban,864271,Premium
2134,4,4,47,2,1,4.3,2,3.8,0,0,Urban,653418,Premium
2033,3,2,34,2,2,50.0,5,0.23,0,1,Rural,338308,Budget
1048,4,1,44,2,1,22.0,1,5.16,0,1,Urban,307565,Budget
2522,2,2,45,1,0,0.5,3,2.04,0,1,Suburban,619726,Premium
2452,3,2,7,3,2,8.3,1,5.63,0,1,Urban,693061,Premium
3514,4,3,43,2,2,10.4,3,2.75,0,0,Rural,852677,Premium
1785,3,3,54,1,2,2.4,4,3.44,0,0,Urban,496202,Mid-Range
2153,3,4,54,2,2,1.6,7,15.11,0,0,Rural,442452,Mid-Range
2175,6,3,21,2,2,23.5,5,0.79,0,0,Urban,764111,Premium
3104,5,3,20,1,2,34.7,5,2.93,0,1,Rural,740919,Premium
1933,4,1,25,2,1,48.2,1,1.85,0,1,Suburban,331494,Budget
2195,4,1,39,1,2,15.6,8,0.12,0,1,Urban,664904,Premium
2426,4,3,20,2,3,10.9,4,0.1,0,0,Suburban,782743,Premium
2131,3,2,24,3,2,4.2,10,0.38,0,1,Urban,802262,Premium
1687,3,4,40,1,0,1.9,5,3.14,1,1,Urban,599111,Mid-Range
2136,2,2,0,1,1,0.8,2,2.51,0,0,Rural,581285,Mid-Range
2752,3,1,5,2,2,11.8,1,2.42,0,1,Suburban,794589,Premium
1281,4,2,22,3,1,15.4,9,0.1,0,0,Suburban,494117,Mid-Range
2093,3,2,50,2,3,17.5,2,1.9,0,0,Urban,495844,Mid-Range
1510,6,1,22,2,1,24.5,6,7.76,1,1,Suburban,476872,Mid-Range
2837,5,3,42,2,1,21.2,1,1.52,0,1,Rural,686215,Premium
934,4,2,42,3,3,50.0,1,2.94,0,0,Urban,132966,Budget
1609,4,3,22,3,1,2.8,9,4.54,0,0,Rural,607039,Premium
2264,5,2,31,1,0,14.4,4,4.6,0,1,Rural,545219,Mid-Range
3096,2,2,29,2,2,8.8,9,2.2,0,1,Urban,922728,Premium
1954,5,2,12,2,2,3.0,5,5.85,0,1,Urban,758965,Premium
1611,2,4,42,2,0,40.1,7,1.49,1,0,Rural,259942,Budget
3317,5,2,17,2,3,22.8,1,6.59,0,0,Suburban,820395,Premium
986,3,4,22,2,1,1.4,6,0.82,0,0,Urban,439640,Mid-Range
600,5,2,14,3,2,0.5,8,0.99,0,0,Urban,495274,Mid-Range
2308,6,4,32,1,1,11.7,1,0.16,0,0,Suburban,627991,Premium
1649,2,2,20,1,2,9.3,9,4.76,0,0,Suburban,557936,Mid-Range
1285,3,3,38,2,1,27.5,3,1.62,0,1,Urban,305117,Budget
2496,6,3,22,1,1,2.7,1,0.78,0,0,Urban,897867,Premium
2171,3,4,26,1,1,0.9,1,0.79,0,1,Rural,635028,Premium
1605,5,2,44,1,2,3.0,6,6.95,1,0,Suburban,490913,Mid-Range
1104,4,1,43,2,0,0.5,6,5.39,0,0,Suburban,352323,Mid-Range
2611,3,1,17,3,2,0.5,1,2.42,1,0,Suburban,750089,Premium
2455,3,4,23,2,2,24.6,3,2.87,0,0,Suburban,583067,Mid-Range
1931,3,3,50,2,1,4.3,7,1.93,0,0,Suburban,533900,Mid-Range
3293,4,4,46,1,0,5.3,10,1.49,1,1,Urban,1028496,Luxury
1251,3,2,39,2,1,0.5,3,7.41,0,1,Urban,451674,Mid-Range
932,4,2,50,2,2,3.2,3,0.4,1,0,Suburban,354411,Mid-Range
1516,3,1,41,2,0,16.3,3,1.63,1,0,Suburban,331015,Budget
1968,4,5,6,1,1,9.6,7,1.27,0,1,Rural,755907,Premium
2170,5,3,49,1,2,14.0,4,2.07,0,1,Urban,670308,Premium
1831,6,5,47,1,2,5.9,4,1.84,0,0,Rural,571933,Mid-Range
2246,3,2,19,2,1,3.7,3,2.19,1,1,Rural,704141,Premium
1124,5,3,26,2,1,6.6,10,0.45,1,1,Urban,704675,Premium
3011,4,3,5,3,2,3.9,9,2.16,0,1,Suburban,1020907,Luxury
1942,4,2,26,2,3,18.3,2,0.83,0,1,Suburban,536220,Mid-Range
2782,6,4,8,2,2,3.5,4,0.61,0,1,Rural,936936,Premium
2240,3,5,52,3,2,10.8,8,0.2,0,1,Suburban,646977,Premium
2320,2,4,44,1,1,1.5,6,4.31,0,0,Suburban,618508,Premium
2399,5,3,30,1,1,11.6,7,1.67,0,1,Suburban,687680,Premium
2313,3,2,20,3,0,24.5,7,2.96,0,1,Urban,710943,Premium
2450,5,2,25,1,0,9.4,2,3.9,0,1,Urban,699105,Premium
2930,5,5,39,3,2,8.2,4,3.41,1,1,Suburban,963035,Luxury
2138,2,1,47,3,1,32.5,10,1.91,1,0,Suburban,384339,Mid-Range
2496,5,3,44,2,1,9.9,10,1.47,1,0,Suburban,764961,Premium
1937,3,3,12,2,3,3.0,6,1.41,1,0,Suburban,689463,Premium
3008,4,3,48,2,1,3.5,3,3.07,0,0,Urban,846628,Premium
1527,4,5,22,2,0,12.2,9,2.05,0,0,Suburban,630777,Premium
3261,5,2,19,1,0,13.3,4,5.67,0,1,Urban,838320,Premium
1972,2,2,36,1,2,3.6,10,6.23,1,0,Rural,563089,Mid-Range
998,3,1,53,1,2,4.2,2,0.56,1,1,Rural,278112,Budget
2090,4,2,52,2,1,47.2,6,0.44,1,1,Suburban,423582,Mid-Range
1523,4,2,27,1,1,1.1,1,2.99,1,0,Urban,555984,Mid-Range
2588,4,2,16,1,2,5.2,6,1.08,0,0,Urban,853484,Premium
1543,2,4,27,1,2,0.6,10,0.1,0,1,Suburban,635157,Premium
1688,3,5,40,2,3,17.2,1,6.59,0,1,Suburban,417378,Mid-Range
677,3,2,1,3,2,1.0,8,0.77,0,1,Suburban,537277,Mid-Range
1683,5,2,24,3,2,11.2,5,7.95,0,1,Urban,619951,Premium
600,3,4,49,2,1,0.6,6,3.79,0,1,Suburban,291532,Budget
891,3,1,40,3,0,11.2,2,4.31,0,1,Suburban,237007,Budget
2532,6,1,5,2,0,18.5,2,0.67,0,1,Urban,770169,Premium
2550,2,2,10,2,2,5.1,9,0.8,0,1,Suburban,779363,Premium
2298,6,3,37,2,2,7.4,3,2.21,0,1,Urban,769000,Premium
1323,4,2,5,1,1,5.1,6,0.57,0,0,Suburban,584256,Mid-Range
1967,5,5,44,3,0,3.6,10,1.09,0,1,Rural,659569,Premium
1997,3,2,10,1,1,16.3,5,1.16,0,0,Suburban,575261,Mid-Range
1189,2,3,13,2,3,3.2,4,0.52,1,1,Rural,482086,Mid-Range
3052,4,2,1,2,2,12.8,10,0.69,0,0,Suburban,943495,Premium
2614,5,3,39,1,2,2.3,2,4.66,0,0,Urban,773461,Premium
1845,4,3,2,1,2,2.9,8,0.55,1,0,Suburban,790536,Premium
2019,2,4,54,2,3,4.1,10,0.1,1,0,Suburban,617305,Premium
2146,4,4,52,1,2,8.9,7,2.98,1,0,Suburban,664389,Premium
600,4,3,34,2,2,6.1,2,11.19,0,1,Urban,299071,Budget
1827,4,4,32,2,1,13.7,6,1.21,0,0,Suburban,561883,Mid-Range
1523,4,4,23,2,0,2.4,8,0.38,0,0,Urban,664235,Premium
1299,5,4,18,2,1,0.5,7,2.53,0,0,Urban,708599,Premium
1803,4,1,17,2,0,15.0,1,7.1,1,1,Suburban,519153,Mid-Range
3258,2,1,48,2,3,17.2,5,4.6,0,0,Urban,710495,Premium
2449,3,2,51,2,1,0.6,2,2.92,0,0,Rural,536104,Mid-Range
1600,2,3,23,2,2,9.4,6,1.14,0,0,Urban,562333,Mid-Range
2401,3,2,44,2,1,4.8,7,2.34,0,1,Suburban,676988,Premium
2980,3,2,34,3,1,15.8,7,0.29,0,0,Suburban,775709,Premium
2647,2,4,0,1,3,20.7,3,3.41,1,0,Suburban,823656,Premium
2042,3,4,35,2,1,19.0,7,3.87,1,0,Urban,621573,Premium
1547,2,4,24,3,1,15.0,5,10.06,1,1,Rural,388980,Mid-Range
2489,5,2,44,1,0,3.1,8,0.9,0,0,Suburban,707957,Premium
2275,6,3,48,1,2,16.7,8,0.1,0,1,Rural,631127,Premium
2627,2,2,42,2,1,7.6,7,2.37,0,0,Urban,648052,Premium
2445,6,2,33,1,2,0.5,6,3.68,0,0,Urban,786737,Premium
2735,4,2,24,1,2,6.1,2,4.69,1,0,Suburban,742538,Premium
1625,3,2,15,3,2,28.5,6,0.65,0,0,Urban,558244,Mid-Range
2922,2,2,33,2,2,21.9,9,0.91,1,0,Suburban,705108,Premium
2138,4,4,28,1,1,1.1,2,2.16,0,0,Urban,706438,Premium
3453,5,2,18,3,1,13.6,1,1.2,0,0,Suburban,989622,Luxury
1518,4,3,22,3,2,16.4,5,5.91,0,1,Rural,471312,Mid-Range
3215,2,3,18,2,1,3.2,6,1.93,0,1,Suburban,914899,Premium
2139,2,2,24,1,1,6.4,3,4.82,1,0,Rural,542422,Mid-Range
1544,3,3,15,2,1,12.4,8,2.61,0,1,Suburban,578534,Mid-Range
1661,3,2,53,2,2,5.8,7,4.45,1,1,Suburban,534456,Mid-Range
1776,3,3,50,2,1,1.2,2,1.21,1,1,Rural,481175,Mid-Range
2297,3,2,8,3,1,12.2,7,5.34,0,0,Rural,672812,Premium
2366,5,2,0,2,2,24.3,1,0.96,1,1,Suburban,776003,Premium
1598,5,2,41,1,2,10.6,9,2.37,0,0,Urban,547649,Mid-Range
1983,3,3,18,2,0,14.9,7,0.72,0,0,Suburban,593456,Mid-Range
3500,5,4,32,1,1,4.4,6,1.94,1,0,Urban,1072834,Luxury
3209,3,2,33,2,2,2.0,2,1.15,1,0,Suburban,824250,Premium
2305,3,3,15,2,3,10.3,3,0.93,0,0,Suburban,686050,Premium
2027,3,3,43,1,2,4.0,1,10.23,0,0,Rural,455753,Mid-Range
2084,4,5,39,2,1,19.7,10,0.52,0,1,Rural,661121,Premium
2429,6,4,54,1,1,1.3,5,4.64,0,0,Suburban,672035,Premium
1284,4,3,17,1,2,5.7,9,12.44,0,0,Urban,520051,Mid-Range
1820,3,3,33,2,2,5.1,6,0.1,1,0,Rural,603036,Premium
832,4,4,24,1,1,27.8,5,3.6,0,0,Urban,325050,Budget
2279,2,2,44,2,1,1.7,3,0.87,0,1,Suburban,608044,Premium
2453,5,2,5,1,2,0.5,5,0.12,0,1,Urban,937824,Premium
1662,4,1,20,2,1,2.7,8,1.55,0,0,Suburban,589627,Mid-Range
3102,3,4,5,2,1,17.2,2,8.21,0,0,Rural,760629,Premium
1142,4,4,31,2,1,2.3,5,0.1,0,1,Urban,517436,Mid-Range
975,4,2,40,2,1,2.8,6,2.66,1,0,Suburban,409858,Mid-Range
2157,2,3,47,3,1,1.4,10,2.09,0,1,Urban,699841,Premium
2733,4,3,42,1,2,12.6,8,6.2,0,0,Rural,610578,Premium
3179,3,2,38,1,1,0.7,8,0.26,1,0,Rural,827528,Premium
1679,4,5,30,2,1,4.0,5,3.43,0,0,Urban,662758,Premium
2755,5,2,41,1,1,3.3,9,3.42,0,0,Urban,769598,Premium
1973,5,1,9,3,1,8.1,4,3.32,0,0,Suburban,621959,Premium
1879,4,3,29,1,1,13.1,9,8.56,0,1,Urban,617571,Premium
2619,4,3,51,2,1,7.6,7,5.2,0,1,Suburban,738323,Premium
2457,2,1,17,2,2,26.7,6,0.13,0,1,Urban,702355,Premium
897,4,3,23,1,0,30.3,4,1.91,1,1,Urban,390159,Mid-Range
3034,3,3,51,2,0,4.5,2,1.52,1,0,Suburban,745036,Premium
2966,3,2,8,1,0,15.0,8,1.11,0,1,Urban,887280,Premium
1562,3,2,30,2,1,13.4,6,1.8,0,0,Rural,428233,Mid-Range
2277,2,3,14,1,2,22.3,3,1.45,0,1,Urban,622062,Premium
2346,4,2,3,3,0,5.9,7,1.7,0,0,Urban,811663,Premium
2182,2,5,39,3,3,7.6,10,11.63,0,1,Rural,589798,Mid-Range
1615,4,4,8,1,0,5.4,7,0.28,0,1,Suburban,694097,Premium
1530,3,5,44,1,2,19.0,6,7.66,0,0,Suburban,354917,Mid-Range
1982,2,2,8,2,1,2.6,2,1.96,1,0,Urban,708292,Premium
2821,4,5,25,1,2,2.7,8,2.93,0,0,Suburban,899324,Premium
2381,2,2,3,3,1,4.7,1,5.32,1,0,Suburban,739724,Premium
1741,3,2,16,2,1,2.6,1,1.34,1,1,Urban,613286,Premium
2540,4,1,15,1,2,8.2,6,1.69,0,1,Rural,708593,Premium
600,2,1,14,2,2,1.4,5,1.58,1,0,Suburban,350335,Mid-Range
2804,5,3,34,2,1,3.9,9,1.41,1,0,Suburban,885823,Premium
782,2,3,51,3,0,24.5,7,7.79,0,1,Suburban,85000,Budget
1746,3,2,4,3,0,5.3,2,5.3,0,0,Suburban,509621,Mid-Range
1216,4,3,54,1,2,13.8,7,0.35,0,0,Urban,364787,Mid-Range
1094,3,2,4,1,1,1.2,3,0.34,1,1,Suburban,483020,Mid-Range
2813,2,3,19,3,1,2.8,1,1.68,0,1,Urban,865773,Premium
1673,3,2,14,3,2,16.5,8,0.31,0,0,Suburban,582561,Mid-Range
2243,3,4,17,1,2,14.4,3,2.9,0,0,Suburban,637476,Premium
1967,5,4,46,2,2,4.9,8,0.47,0,1,Suburban,752376,Premium
2334,3,3,1,2,2,30.9,7,2.22,0,1,Rural,694315,Premium
2054,5,2,28,1,2,24.2,2,0.1,1,1,Urban,661429,Premium
1102,5,2,12,3,1,32.8,1,1.14,0,0,Suburban,286661,Budget
2697,3,4,3,1,1,5.6,7,3.39,1,1,Suburban,917043,Premium
1654,5,2,41,3,2,2.2,1,1.99,1,1,Suburban,584527,Mid-Range
910,3,2,44,1,1,9.9,6,11.49,0,1,Suburban,198157,Budget
1700,6,1,9,2,3,11.5,10,6.22,0,1,Urban,788520,Premium
3051,2,3,30,1,0,1.3,10,1.33,1,0,Suburban,876610,Premium
2595,4,3,40,2,0,15.4,8,0.14,1,1,Urban,770904,Premium
1756,3,4,7,2,3,0.5,7,5.61,0,0,Rural,617150,Premium
1756,3,2,2,1,2,6.6,4,7.27,0,0,Urban,671868,Premium
1775,4,2,47,2,1,4.0,1,5.15,0,1,Rural,402181,Mid-Range
3454,4,4,45,2,2,13.5,1,0.41,1,1,Suburban,847676,Premium
2267,2,4,8,1,2,3.8,4,18.52,1,1,Urban,691450,Premium
2301,3,2,29,2,1,17.5,5,0.9,0,0,Suburban,528977,Mid-Range
2721,4,3,52,1,0,9.0,7,3.86,1,0,Rural,679945,Premium
2167,4,2,10,2,2,15.8,4,7.16,0,1,Rural,546047,Mid-Range
1819,6,5,34,2,2,45.4,10,0.81,1,0,Urban,583331,Mid-Range
1863,4,2,36,2,1,11.4,1,7.17,0,1,Urban,511877,Mid-Range
1950,6,5,41,1,2,42.0,10,1.11,0,0,Urban,625158,Premium
1974,4,3,12,2,2,0.5,7,11.24,0,1,Urban,745996,Premium
2509,3,3,35,2,1,4.1,2,0.99,0,0,Suburban,626255,Premium
2036,2,1,12,2,2,1.1,2,9.2,0,1,Rural,533365,Mid-Range
2513,5,3,11,2,1,3.0,8,0.17,0,1,Suburban,895926,Premium
1943,4,2,36,2,1,18.3,10,3.71,0,0,Suburban,574325,Mid-Range
2055,2,2,9,1,2,0.5,10,2.28,0,1,Suburban,751803,Premium
601,3,3,8,1,2,7.3,10,1.95,0,1,Urban,461798,Mid-Range
2641,6,5,51,1,2,8.4,5,0.76,1,1,Urban,910830,Premium
2243,4,3,6,1,1,8.2,10,3.67,1,1,Suburban,836637,Premium
2699,3,3,1,1,1,6.4,2,0.64,0,0,Rural,798506,Premium
600,3,1,53,1,0,15.6,5,2.41,0,0,Suburban,92538,Budget
3462,3,2,22,1,1,1.4,8,0.88,0,0,Urban,1025720,Luxury
1902,3,2,38,1,0,3.7,6,9.34,1,0,Urban,578332,Mid-Range
2776,3,3,39,1,2,9.6,3,0.1,1,0,Urban,780102,Premium
1272,2,5,38,1,1,11.7,8,0.67,0,1,Suburban,414270,Mid-Range
2429,4,3,20,1,2,5.2,9,0.83,1,0,Suburban,836677,Premium
1263,3,1,22,2,1,20.8,5,1.6,1,0,Urban,410765,Mid-Range
1563,5,2,28,2,2,5.4,2,0.79,1,0,Rural,536653,Mid-Range
3340,5,3,13,1,1,5.2,2,2.03,0,1,Suburban,979150,Luxury
1867,3,2,25,2,0,0.5,7,6.18,0,1,Suburban,598476,Mid-Range
2152,4,4,50,1,0,8.0,1,3.74,0,0,Rural,425164,Mid-Range
2609,3,4,4,1,1,12.3,10,2.6,0,1,Urban,927357,Premium
2347,5,3,54,1,2,1.2,2,0.28,0,0,Rural,554744,Mid-Range
2105,3,2,30,2,0,3.6,10,3.55,0,1,Urban,735927,Premium
2255,4,2,24,2,2,15.2,4,0.55,0,1,Suburban,693286,Premium
3682,4,2,30,1,3,4.6,1,4.63,0,0,Rural,887372,Premium
1960,3,2,49,1,2,2.8,4,0.86,0,1,Rural,495059,Mid-Range
2141,2,2,19,3,1,11.2,10,1.62,0,1,Suburban,676659,Premium
2735,4,3,43,1,3,2.2,5,1.29,1,0,Suburban,781187,Premium
2774,4,3,54,1,0,22.6,9,5.87,1,1,Suburban,664689,Premium
2831,3,1,16,3,1,1.1,1,0.41,0,0,Rural,802862,Premium
2447,4,2,44,2,2,12.3,5,2.5,0,0,Urban,677430,Premium
1200,3,2,1,2,2,6.9,2,0.46,0,0,Rural,396275,Mid-Range
3143,4,2,24,2,1,20.4,9,3.66,0,0,Suburban,773692,Premium
1198,3,4,12,1,1,1.3,6,7.06,1,0,Suburban,467127,Mid-Range
2212,5,1,38,1,1,11.3,2,1.71,0,1,Suburban,557659,Mid-Range
1472,3,2,27,2,1,8.5,3,2.01,0,0,Suburban,461816,Mid-Range
1955,3,2,41,1,1,6.5,8,7.87,1,0,Rural,451128,Mid-Range
2230,2,4,54,2,3,6.8,1,2.21,0,0,Suburban,568020,Mid-Range
2225,2,3,5,3,3,12.8,3,2.01,0,1,Rural,678328,Premium
2295,4,2,2,3,2,27.8,10,2.59,0,1,Urban,821522,Premium
3130,3,3,34,1,1,1.0,1,3.51,0,1,Suburban,814866,Premium
2317,5,3,17,2,2,0.5,8,0.34,0,1,Rural,849190,Premium
1829,2,5,10,2,3,16.4,1,5.16,0,1,Suburban,559999,Mid-Range
2675,3,2,53,3,2,1.1,5,1.72,0,1,Suburban,648205,Premium
2833,3,4,19,1,1,43.2,4,0.23,1,1,Suburban,672463,Premium
1141,2,5,4,1,0,9.7,7,4.63,0,0,Rural,390623,Mid-Range
2418,2,4,18,1,0,10.5,5,1.42,1,0,Rural,667766,Premium
2491,3,3,21,1,2,2.2,8,0.32,0,1,Urban,869749,Premium
1792,3,3,18,1,2,2.7,1,3.01,0,0,Rural,495167,Mid-Range
2963,3,2,46,2,2,10.8,5,6.36,0,0,Suburban,732131,Premium
1895,4,4,15,2,1,24.0,4,6.56,0,1,Urban,590996,Mid-Range
2088,4,3,23,1,1,40.4,3,9.49,0,1,Rural,314697,Budget
1879,2,3,40,2,1,2.2,5,6.07,0,0,Suburban,490419,Mid-Range
2011,3,2,3,1,1,1.4,10,0.1,1,1,Rural,792675,Premium
1233,6,3,14,3,0,0.6,3,1.44,0,1,Urban,656839,Premium
992,4,4,24,3,2,20.3,8,5.12,0,1,Urban,474331,Mid-Range
3116,4,2,43,3,1,3.5,3,1.37,1,1,Suburban,875231,Premium
1407,3,4,54,3,2,0.5,1,2.76,0,1,Urban,536912,Mid-Range
1306,4,3,34,1,1,2.5,9,2.8,0,0,Suburban,458827,Mid-Range
600,4,4,54,1,1,4.2,9,1.36,1,0,Urban,369579,Mid-Range
1553,4,2,13,2,1,47.1,6,7.05,0,0,Suburban,343433,Budget
1074,6,2,48,3,2,7.4,10,2.1,0,1,Urban,546100,Mid-Range
3149,2,4,18,1,0,2.3,1,1.88,0,1,Urban,888855,Premium
2707,2,2,37,1,2,4.1,8,17.99,0,1,Suburban,608901,Premium
1518,4,4,35,2,1,4.0,2,2.04,0,0,Urban,530637,Mid-Range
3577,5,3,6,1,2,0.5,9,0.59,0,1,Suburban,1194210,Luxury
2687,2,3,29,2,2,1.5,8,2.16,1,0,Rural,790531,Premium
1773,3,2,18,2,1,11.9,3,5.05,1,0,Suburban,581089,Mid-Range
600,2,3,48,1,2,1.3,5,4.5,0,0,Rural,102991,Budget
3604,3,2,24,1,1,2.6,9,4.66,0,0,Urban,1064794,Luxury
1027,4,1,15,2,2,4.3,1,3.69,1,1,Urban,481923,Mid-Range
848,4,2,46,2,1,14.2,9,0.88,0,0,Rural,250845,Budget
2716,3,1,53,3,1,8.7,4,5.94,0,0,Suburban,610473,Premium
3708,3,5,39,1,2,11.7,4,6.72,0,1,Suburban,951375,Luxury
2969,2,5,50,1,2,8.4,4,0.65,1,0,Suburban,797491,Premium
2395,3,2,7,2,1,11.5,10,0.42,0,0,Suburban,811114,Premium
2416,4,3,17,2,2,0.5,9,11.14,1,0,Urban,856416,Premium
2597,6,2,27,1,1,26.7,6,6.08,0,0,Suburban,692371,Premium
2531,5,3,15,2,1,1.2,8,6.71,0,0,Suburban,816642,Premium
2197,2,4,51,1,2,5.2,4,6.52,0,0,Suburban,497908,Mid-Range
2073,5,5,18,1,1,14.7,3,2.34,0,1,Rural,640492,Premium
1956,5,2,41,1,1,5.7,1,3.12,1,0,Urban,572663,Mid-Range
1472,5,4,16,1,2,29.3,10,2.36,1,0,Urban,615407,Premium
1804,3,2,44,2,0,6.3,7,0.16,0,1,Rural,506048,Mid-Range
815,3,5,12,2,2,20.8,4,4.11,1,0,Suburban,401139,Mid-Range
1931,3,1,6,2,1,16.7,8,2.11,1,1,Suburban,634424,Premium
1308,2,3,26,3,0,39.6,3,3.13,0,0,Urban,254852,Budget
1227,3,3,9,1,1,26.1,1,2.1,0,0,Urban,350664,Mid-Range
2126,3,3,33,1,2,22.8,5,2.03,0,1,Suburban,545453,Mid-Range
2974,3,2,35,1,2,13.2,2,0.57,0,0,Suburban,650720,Premium
2643,4,5,24,1,0,4.6,3,0.98,0,0,Rural,713978,Premium
901,3,2,5,2,0,1.1,6,0.52,0,1,Rural,415636,Mid-Range
1307,2,3,23,2,3,11.7,3,0.65,0,0,Rural,408845,Mid-Range
2659,6,2,17,2,0,38.5,3,10.83,1,1,Urban,687236,Premium
1312,6,2,22,1,2,13.0,6,0.5,1,1,Suburban,600541,Premium
1843,5,3,5,1,1,26.4,5,0.94,0,0,Urban,637882,Premium
2385,6,2,28,2,2,16.3,10,2.68,0,1,Urban,816165,Premium
1322,4,2,24,1,1,1.8,9,2.83,0,0,Urban,542194,Mid-Range
2074,6,2,54,2,2,2.9,1,0.5,0,1,Suburban,569404,Mid-Range
1066,2,2,16,3,2,4.2,3,4.74,0,1,Rural,439590,Mid-Range
1579,3,4,45,1,1,1.8,3,4.61,0,1,Urban,536694,Mid-Range
2224,3,4,23,2,0,8.7,6,0.81,0,0,Urban,741597,Premium
885,3,1,10,2,2,37.1,8,1.02,0,1,Rural,214074,Budget
2308,2,2,25,1,2,14.3,3,8.34,0,0,Urban,545735,Mid-Range
1986,4,2,50,2,0,5.5,3,5.24,0,0,Suburban,433504,Mid-Range
2387,5,1,33,1,0,0.5,6,3.59,1,1,Urban,784781,Premium
2157,4,3,27,1,2,3.8,8,0.26,1,0,Urban,768570,Premium
2955,2,3,2,2,1,7.5,6,1.63,0,1,Rural,840185,Premium
